source,manufacturer,model,segment,price,reference_date,captured_at
assobens_precos_comparativo,VOLVO,VOLVO VM 290 6X2,Nacional|grupo MB 2429,539187.09,2026-09-22,2026-09-23T01:31:05-03:00
assobens_precos_comparativo,M.BENZ,MB 2429,Nacional|grupo MB 2429,504003.37,2026-09-22,2026-09-23T08:06:31-03:00
assobens_precos_comparativo,IVECO,IVECO 24-280,Nacional|grupo MB 2429,514541.08,2026-09-22,2026-09-23T01:31:05-03:00
assobens_precos_comparativo,VW,VW 26.260,Nacional|grupo MB 2429,512151.16,2026-09-22,2026-09-23T01:31:05-03:00
assobens_precos_comparativo,M.BENZ,MB 2429,MT|grupo MB 2429,548994.0,2026-09-22,2026-09-23T08:06:31-03:00
assobens_precos_comparativo,IVECO,IVECO 24-280,MT|grupo MB 2429,555137.0,2026-09-22,2026-09-23T01:31:05-03:00
assobens_precos_comparativo,VOLVO,VOLVO VM 290 6X2,MT|grupo MB 2429,520881.0,2026-09-22,2026-09-23T01:31:05-03:00
assobens_precos_comparativo,VW,VW 26.260,MT|grupo MB 2429,522582.0,2026-09-22,2026-09-23T01:31:05-03:00
assobens_precos_comparativo,VW,VW 14.210,Nacional|grupo MB 1317,461334.05,2026-09-22,2026-09-23T01:31:05-03:00
assobens_precos_comparativo,M.BENZ,MB 1417,Nacional|grupo MB 1317,447114.99,2026-09-22,2026-09-23T01:31:05-03:00
assobens_precos_comparativo,M.BENZ,MB 1419,Nacional|grupo MB 1317,427459.83,2026-09-22,2026-09-23T01:31:05-03:00
assobens_precos_comparativo,VW,VW 14.180,Nacional|grupo MB 1317,404269.29,2026-09-22,2026-09-23T01:31:05-03:00
assobens_precos_comparativo,IVECO,IVECO 15-210,Nacional|grupo MB 1317,403947.5,2026-09-22,2026-09-23T01:31:05-03:00
assobens_precos_comparativo,VW,VW 13.180,Nacional|grupo MB 1317,398121.1,2026-09-22,2026-09-23T01:31:05-03:00
assobens_precos_comparativo,M.BENZ,MB 1317,Nacional|grupo MB 1317,391385.95,2026-09-22,2026-09-23T01:31:05-03:00
assobens_precos_comparativo,IVECO,IVECO 15-210,MT|grupo MB 1317,399167.0,2026-09-22,2026-09-23T01:31:05-03:00
assobens_precos_comparativo,M.BENZ,MB 1417,MT|grupo MB 1317,464333.0,2026-09-22,2026-09-23T01:31:05-03:00
assobens_precos_comparativo,VW,VW 14.180,MT|grupo MB 1317,378547.0,2026-09-22,2026-09-23T01:31:05-03:00
assobens_precos_comparativo,VW,VW 14.210,Nacional|grupo MB 1417,461334.05,2026-09-22,2026-09-23T01:31:05-03:00
assobens_precos_comparativo,M.BENZ,MB 1417,Nacional|grupo MB 1417,447114.99,2026-09-22,2026-09-23T01:31:05-03:00
assobens_precos_comparativo,M.BENZ,MB 1419,Nacional|grupo MB 1417,427459.83,2026-09-22,2026-09-23T01:31:05-03:00
assobens_precos_comparativo,VW,VW 14.180,Nacional|grupo MB 1417,404269.29,2026-09-22,2026-09-23T01:31:05-03:00
assobens_precos_comparativo,IVECO,IVECO 15-210,Nacional|grupo MB 1417,403947.5,2026-09-22,2026-09-23T01:31:05-03:00
assobens_precos_comparativo,VW,VW 13.180,Nacional|grupo MB 1417,398121.1,2026-09-22,2026-09-23T01:31:05-03:00
assobens_precos_comparativo,M.BENZ,MB 1317,Nacional|grupo MB 1417,391385.95,2026-09-22,2026-09-23T01:31:05-03:00
assobens_precos_comparativo,IVECO,IVECO 15-210,MT|grupo MB 1417,399167.0,2026-09-22,2026-09-23T01:31:05-03:00
assobens_precos_comparativo,M.BENZ,MB 1417,MT|grupo MB 1417,464333.0,2026-09-22,2026-09-23T01:31:05-03:00
assobens_precos_comparativo,VW,VW 14.180,MT|grupo MB 1417,378547.0,2026-09-22,2026-09-23T01:31:05-03:00
assobens_precos_comparativo,VW,VW 14.210,Nacional|grupo MB 1419,461334.05,2026-09-22,2026-09-23T01:31:05-03:00
assobens_precos_comparativo,M.BENZ,MB 1417,Nacional|grupo MB 1419,447114.99,2026-09-22,2026-09-23T01:31:05-03:00
assobens_precos_comparativo,M.BENZ,MB 1419,Nacional|grupo MB 1419,427459.83,2026-09-22,2026-09-23T01:31:05-03:00
assobens_precos_comparativo,VW,VW 14.180,Nacional|grupo MB 1419,404269.29,2026-09-22,2026-09-23T01:31:05-03:00
assobens_precos_comparativo,IVECO,IVECO 15-210,Nacional|grupo MB 1419,403947.5,2026-09-22,2026-09-23T01:31:05-03:00
assobens_precos_comparativo,VW,VW 13.180,Nacional|grupo MB 1419,398121.1,2026-09-22,2026-09-23T01:31:05-03:00
assobens_precos_comparativo,M.BENZ,MB 1317,Nacional|grupo MB 1419,391385.95,2026-09-22,2026-09-23T01:31:05-03:00
assobens_precos_comparativo,IVECO,IVECO 15-210,MT|grupo MB 1419,399167.0,2026-09-22,2026-09-23T01:31:05-03:00
assobens_precos_comparativo,M.BENZ,MB 1417,MT|grupo MB 1419,464333.0,2026-09-22,2026-09-23T01:31:05-03:00
assobens_precos_comparativo,VW,VW 14.180,MT|grupo MB 1419,378547.0,2026-09-22,2026-09-23T01:31:05-03:00
assobens_precos_comparativo,VW,VW 18.260,Nacional|grupo MB 1719,504446.75,2026-09-22,2026-09-23T01:31:05-03:00
assobens_precos_comparativo,VW,VW 18.210,Nacional|grupo MB 1719,468040.5,2026-09-22,2026-09-23T01:31:05-03:00
assobens_precos_comparativo,M.BENZ,MB 1719,Nacional|grupo MB 1719,440005.58,2026-09-22,2026-09-23T01:31:05-03:00
assobens_precos_comparativo,VW,VW 17.210,Nacional|grupo MB 1719,439703.96,2026-09-22,2026-09-23T01:31:05-03:00
assobens_precos_comparativo,IVECO,IVECO 17-210,Nacional|grupo MB 1719,426200.51,2026-09-22,2026-09-23T01:31:05-03:00
assobens_precos_comparativo,IVECO,IVECO 17-210,MT|grupo MB 1719,428333.0,2026-09-22,2026-09-23T01:31:05-03:00
assobens_precos_comparativo,M.BENZ,MB 1719,MT|grupo MB 1719,439856.0,2026-09-22,2026-09-23T01:31:05-03:00
assobens_precos_comparativo,VW,VW 17.210,MT|grupo MB 1719,450901.0,2026-09-22,2026-09-23T01:31:05-03:00
assobens_precos_comparativo,VW,VW 18.210,MT|grupo MB 1719,463488.0,2026-09-22,2026-09-23T01:31:05-03:00
assobens_precos_comparativo,VW,VW 18.260,MT|grupo MB 1719,605375.0,2026-09-22,2026-09-23T01:31:05-03:00
assobens_precos_comparativo,M.BENZ,MB 1729,Nacional|grupo MB 1726,536900.21,2026-09-22,2026-09-23T01:31:05-03:00
assobens_precos_comparativo,VW,VW 18.320,Nacional|grupo MB 1726,536769.17,2026-09-22,2026-09-23T01:31:05-03:00
assobens_precos_comparativo,IVECO,IVECO 17-280,Nacional|grupo MB 1726,524989.19,2026-09-22,2026-09-23T01:31:05-03:00
assobens_precos_comparativo,VOLVO,VOLVO VM 290 4X2,Nacional|grupo MB 1726,498240.4,2026-09-22,2026-09-23T01:31:05-03:00
assobens_precos_comparativo,M.BENZ,MB 1726,Nacional|grupo MB 1726,491652.81,2026-09-22,2026-09-23T01:31:05-03:00
assobens_precos_comparativo,M.BENZ,MB 1733,Nacional|grupo MB 1726,464109.7,2026-09-22,2026-09-23T01:31:05-03:00
assobens_precos_comparativo,M.BENZ,MB 1726,MT|grupo MB 1726,455738.0,2026-09-22,2026-09-23T01:31:05-03:00
assobens_precos_comparativo,M.BENZ,MB 1733,MT|grupo MB 1726,458057.0,2026-09-22,2026-09-23T01:31:05-03:00
assobens_precos_comparativo,VOLVO,VOLVO VM 290 4X2,MT|grupo MB 1726,467846.0,2026-09-22,2026-09-23T01:31:05-03:00
assobens_precos_comparativo,VW,VW 18.320,MT|grupo MB 1726,540488.0,2026-09-22,2026-09-23T01:31:05-03:00
assobens_precos_comparativo,VOLVO,VOLVO VM 290 6X2,Nacional|grupo MB 2429,539187.09,2026-09-23,2026-09-23T12:06:22-03:00
assobens_precos_comparativo,M.BENZ,MB 2429,Nacional|grupo MB 2429,504003.37,2026-09-23,2026-09-24T08:06:22-03:00
assobens_precos_comparativo,IVECO,IVECO 24-280,Nacional|grupo MB 2429,514541.08,2026-09-23,2026-09-23T12:06:22-03:00
assobens_precos_comparativo,VW,VW 26.260,Nacional|grupo MB 2429,512151.16,2026-09-23,2026-09-23T12:06:22-03:00
assobens_precos_comparativo,M.BENZ,MB 2429,MT|grupo MB 2429,548994.0,2026-09-23,2026-09-24T08:06:22-03:00
assobens_precos_comparativo,IVECO,IVECO 24-280,MT|grupo MB 2429,555137.0,2026-09-23,2026-09-23T12:06:22-03:00
assobens_precos_comparativo,VOLVO,VOLVO VM 290 6X2,MT|grupo MB 2429,520881.0,2026-09-23,2026-09-23T12:06:22-03:00
assobens_precos_comparativo,VW,VW 26.260,MT|grupo MB 2429,522582.0,2026-09-23,2026-09-23T12:06:22-03:00
assobens_precos_comparativo,VW,VW 14.210,Nacional|grupo MB 1317,461334.05,2026-09-23,2026-09-23T12:06:22-03:00
assobens_precos_comparativo,M.BENZ,MB 1417,Nacional|grupo MB 1317,447114.99,2026-09-23,2026-09-23T12:06:22-03:00
assobens_precos_comparativo,M.BENZ,MB 1419,Nacional|grupo MB 1317,427459.83,2026-09-23,2026-09-23T12:06:22-03:00
assobens_precos_comparativo,VW,VW 14.180,Nacional|grupo MB 1317,404269.29,2026-09-23,2026-09-23T12:06:22-03:00
assobens_precos_comparativo,IVECO,IVECO 15-210,Nacional|grupo MB 1317,403947.5,2026-09-23,2026-09-23T12:06:22-03:00
assobens_precos_comparativo,VW,VW 13.180,Nacional|grupo MB 1317,398121.1,2026-09-23,2026-09-23T12:06:22-03:00
assobens_precos_comparativo,M.BENZ,MB 1317,Nacional|grupo MB 1317,391385.95,2026-09-23,2026-09-23T12:06:22-03:00
assobens_precos_comparativo,IVECO,IVECO 15-210,MT|grupo MB 1317,399167.0,2026-09-23,2026-09-23T12:06:22-03:00
assobens_precos_comparativo,M.BENZ,MB 1417,MT|grupo MB 1317,464333.0,2026-09-23,2026-09-23T12:06:22-03:00
assobens_precos_comparativo,VW,VW 14.180,MT|grupo MB 1317,378547.0,2026-09-23,2026-09-23T12:06:22-03:00
assobens_precos_comparativo,VW,VW 14.210,Nacional|grupo MB 1417,461334.05,2026-09-23,2026-09-23T12:06:22-03:00
assobens_precos_comparativo,M.BENZ,MB 1417,Nacional|grupo MB 1417,447114.99,2026-09-23,2026-09-23T12:06:22-03:00
assobens_precos_comparativo,M.BENZ,MB 1419,Nacional|grupo MB 1417,427459.83,2026-09-23,2026-09-23T12:06:22-03:00
assobens_precos_comparativo,VW,VW 14.180,Nacional|grupo MB 1417,404269.29,2026-09-23,2026-09-23T12:06:22-03:00
assobens_precos_comparativo,IVECO,IVECO 15-210,Nacional|grupo MB 1417,403947.5,2026-09-23,2026-09-23T12:06:22-03:00
assobens_precos_comparativo,VW,VW 13.180,Nacional|grupo MB 1417,398121.1,2026-09-23,2026-09-23T12:06:22-03:00
assobens_precos_comparativo,M.BENZ,MB 1317,Nacional|grupo MB 1417,391385.95,2026-09-23,2026-09-23T12:06:22-03:00
assobens_precos_comparativo,IVECO,IVECO 15-210,MT|grupo MB 1417,399167.0,2026-09-23,2026-09-23T12:06:22-03:00
assobens_precos_comparativo,M.BENZ,MB 1417,MT|grupo MB 1417,464333.0,2026-09-23,2026-09-23T12:06:22-03:00
assobens_precos_comparativo,VW,VW 14.180,MT|grupo MB 1417,378547.0,2026-09-23,2026-09-23T12:06:22-03:00
assobens_precos_comparativo,VW,VW 14.210,Nacional|grupo MB 1419,461334.05,2026-09-23,2026-09-23T12:06:22-03:00
assobens_precos_comparativo,M.BENZ,MB 1417,Nacional|grupo MB 1419,447114.99,2026-09-23,2026-09-23T12:06:22-03:00
assobens_precos_comparativo,M.BENZ,MB 1419,Nacional|grupo MB 1419,427459.83,2026-09-23,2026-09-23T12:06:22-03:00
assobens_precos_comparativo,VW,VW 14.180,Nacional|grupo MB 1419,404269.29,2026-09-23,2026-09-23T12:06:22-03:00
assobens_precos_comparativo,IVECO,IVECO 15-210,Nacional|grupo MB 1419,403947.5,2026-09-23,2026-09-23T12:06:22-03:00
assobens_precos_comparativo,VW,VW 13.180,Nacional|grupo MB 1419,398121.1,2026-09-23,2026-09-23T12:06:22-03:00
assobens_precos_comparativo,M.BENZ,MB 1317,Nacional|grupo MB 1419,391385.95,2026-09-23,2026-09-23T12:06:22-03:00
assobens_precos_comparativo,IVECO,IVECO 15-210,MT|grupo MB 1419,399167.0,2026-09-23,2026-09-23T12:06:22-03:00
assobens_precos_comparativo,M.BENZ,MB 1417,MT|grupo MB 1419,464333.0,2026-09-23,2026-09-23T12:06:22-03:00
assobens_precos_comparativo,VW,VW 14.180,MT|grupo MB 1419,378547.0,2026-09-23,2026-09-23T12:06:22-03:00
assobens_precos_comparativo,VW,VW 18.260,Nacional|grupo MB 1719,504446.75,2026-09-23,2026-09-23T12:06:22-03:00
assobens_precos_comparativo,VW,VW 18.210,Nacional|grupo MB 1719,468040.5,2026-09-23,2026-09-23T12:06:22-03:00
assobens_precos_comparativo,M.BENZ,MB 1719,Nacional|grupo MB 1719,440005.58,2026-09-23,2026-09-23T12:06:22-03:00
assobens_precos_comparativo,VW,VW 17.210,Nacional|grupo MB 1719,439703.96,2026-09-23,2026-09-23T12:06:22-03:00
assobens_precos_comparativo,IVECO,IVECO 17-210,Nacional|grupo MB 1719,426200.51,2026-09-23,2026-09-23T12:06:22-03:00
assobens_precos_comparativo,IVECO,IVECO 17-210,MT|grupo MB 1719,428333.0,2026-09-23,2026-09-23T12:06:22-03:00
assobens_precos_comparativo,M.BENZ,MB 1719,MT|grupo MB 1719,439856.0,2026-09-23,2026-09-23T12:06:22-03:00
assobens_precos_comparativo,VW,VW 17.210,MT|grupo MB 1719,450901.0,2026-09-23,2026-09-23T12:06:22-03:00
assobens_precos_comparativo,VW,VW 18.210,MT|grupo MB 1719,463488.0,2026-09-23,2026-09-23T12:06:22-03:00
assobens_precos_comparativo,VW,VW 18.260,MT|grupo MB 1719,605375.0,2026-09-23,2026-09-23T12:06:22-03:00
assobens_precos_comparativo,M.BENZ,MB 1729,Nacional|grupo MB 1726,536900.21,2026-09-23,2026-09-23T12:06:22-03:00
assobens_precos_comparativo,VW,VW 18.320,Nacional|grupo MB 1726,536769.17,2026-09-23,2026-09-23T12:06:22-03:00
assobens_precos_comparativo,IVECO,IVECO 17-280,Nacional|grupo MB 1726,524989.19,2026-09-23,2026-09-23T12:06:22-03:00
assobens_precos_comparativo,VOLVO,VOLVO VM 290 4X2,Nacional|grupo MB 1726,498240.4,2026-09-23,2026-09-23T12:06:22-03:00
assobens_precos_comparativo,M.BENZ,MB 1726,Nacional|grupo MB 1726,491652.81,2026-09-23,2026-09-23T12:06:22-03:00
assobens_precos_comparativo,M.BENZ,MB 1733,Nacional|grupo MB 1726,464109.7,2026-09-23,2026-09-23T12:06:22-03:00
assobens_precos_comparativo,M.BENZ,MB 1726,MT|grupo MB 1726,455738.0,2026-09-23,2026-09-23T12:06:22-03:00
assobens_precos_comparativo,M.BENZ,MB 1733,MT|grupo MB 1726,458057.0,2026-09-23,2026-09-23T12:06:22-03:00
assobens_precos_comparativo,VOLVO,VOLVO VM 290 4X2,MT|grupo MB 1726,467846.0,2026-09-23,2026-09-23T12:06:22-03:00
assobens_precos_comparativo,VW,VW 18.320,MT|grupo MB 1726,540488.0,2026-09-23,2026-09-23T12:06:22-03:00
assobens_precos_comparativo,VOLVO,VOLVO VM 290 6X2,Nacional|grupo MB 2429,539187.09,2026-09-24,2026-09-24T12:06:44-03:00
assobens_precos_comparativo,M.BENZ,MB 2429,Nacional|grupo MB 2429,504003.37,2026-09-24,2026-09-25T08:06:40-03:00
assobens_precos_comparativo,IVECO,IVECO 24-280,Nacional|grupo MB 2429,514541.08,2026-09-24,2026-09-24T12:06:44-03:00
assobens_precos_comparativo,VW,VW 26.260,Nacional|grupo MB 2429,512151.16,2026-09-24,2026-09-24T12:06:44-03:00
assobens_precos_comparativo,M.BENZ,MB 2429,MT|grupo MB 2429,548994.0,2026-09-24,2026-09-25T08:06:40-03:00
assobens_precos_comparativo,IVECO,IVECO 24-280,MT|grupo MB 2429,555137.0,2026-09-24,2026-09-24T12:06:44-03:00
assobens_precos_comparativo,VOLVO,VOLVO VM 290 6X2,MT|grupo MB 2429,520881.0,2026-09-24,2026-09-24T12:06:44-03:00
assobens_precos_comparativo,VW,VW 26.260,MT|grupo MB 2429,522582.0,2026-09-24,2026-09-24T12:06:44-03:00
assobens_precos_comparativo,VW,VW 14.210,Nacional|grupo MB 1317,461334.05,2026-09-24,2026-09-24T12:06:44-03:00
assobens_precos_comparativo,M.BENZ,MB 1417,Nacional|grupo MB 1317,447114.99,2026-09-24,2026-09-24T12:06:44-03:00
assobens_precos_comparativo,M.BENZ,MB 1419,Nacional|grupo MB 1317,427459.83,2026-09-24,2026-09-24T12:06:44-03:00
assobens_precos_comparativo,VW,VW 14.180,Nacional|grupo MB 1317,404269.29,2026-09-24,2026-09-24T12:06:44-03:00
assobens_precos_comparativo,IVECO,IVECO 15-210,Nacional|grupo MB 1317,403947.5,2026-09-24,2026-09-24T12:06:44-03:00
assobens_precos_comparativo,VW,VW 13.180,Nacional|grupo MB 1317,398121.1,2026-09-24,2026-09-24T12:06:44-03:00
assobens_precos_comparativo,M.BENZ,MB 1317,Nacional|grupo MB 1317,391385.95,2026-09-24,2026-09-24T12:06:44-03:00
assobens_precos_comparativo,IVECO,IVECO 15-210,MT|grupo MB 1317,399167.0,2026-09-24,2026-09-24T12:06:44-03:00
assobens_precos_comparativo,M.BENZ,MB 1417,MT|grupo MB 1317,464333.0,2026-09-24,2026-09-24T12:06:44-03:00
assobens_precos_comparativo,VW,VW 14.180,MT|grupo MB 1317,378547.0,2026-09-24,2026-09-24T12:06:44-03:00
assobens_precos_comparativo,VW,VW 14.210,Nacional|grupo MB 1417,461334.05,2026-09-24,2026-09-24T12:06:44-03:00
assobens_precos_comparativo,M.BENZ,MB 1417,Nacional|grupo MB 1417,447114.99,2026-09-24,2026-09-24T12:06:44-03:00
assobens_precos_comparativo,M.BENZ,MB 1419,Nacional|grupo MB 1417,427459.83,2026-09-24,2026-09-24T12:06:44-03:00
assobens_precos_comparativo,VW,VW 14.180,Nacional|grupo MB 1417,404269.29,2026-09-24,2026-09-24T12:06:44-03:00
assobens_precos_comparativo,IVECO,IVECO 15-210,Nacional|grupo MB 1417,403947.5,2026-09-24,2026-09-24T12:06:44-03:00
assobens_precos_comparativo,VW,VW 13.180,Nacional|grupo MB 1417,398121.1,2026-09-24,2026-09-24T12:06:44-03:00
assobens_precos_comparativo,M.BENZ,MB 1317,Nacional|grupo MB 1417,391385.95,2026-09-24,2026-09-24T12:06:44-03:00
assobens_precos_comparativo,IVECO,IVECO 15-210,MT|grupo MB 1417,399167.0,2026-09-24,2026-09-24T12:06:44-03:00
assobens_precos_comparativo,M.BENZ,MB 1417,MT|grupo MB 1417,464333.0,2026-09-24,2026-09-24T12:06:44-03:00
assobens_precos_comparativo,VW,VW 14.180,MT|grupo MB 1417,378547.0,2026-09-24,2026-09-24T12:06:44-03:00
assobens_precos_comparativo,VW,VW 14.210,Nacional|grupo MB 1419,461334.05,2026-09-24,2026-09-24T12:06:44-03:00
assobens_precos_comparativo,M.BENZ,MB 1417,Nacional|grupo MB 1419,447114.99,2026-09-24,2026-09-24T12:06:44-03:00
assobens_precos_comparativo,M.BENZ,MB 1419,Nacional|grupo MB 1419,427459.83,2026-09-24,2026-09-24T12:06:44-03:00
assobens_precos_comparativo,VW,VW 14.180,Nacional|grupo MB 1419,404269.29,2026-09-24,2026-09-24T12:06:44-03:00
assobens_precos_comparativo,IVECO,IVECO 15-210,Nacional|grupo MB 1419,403947.5,2026-09-24,2026-09-24T12:06:44-03:00
assobens_precos_comparativo,VW,VW 13.180,Nacional|grupo MB 1419,398121.1,2026-09-24,2026-09-24T12:06:44-03:00
assobens_precos_comparativo,M.BENZ,MB 1317,Nacional|grupo MB 1419,391385.95,2026-09-24,2026-09-24T12:06:44-03:00
assobens_precos_comparativo,IVECO,IVECO 15-210,MT|grupo MB 1419,399167.0,2026-09-24,2026-09-24T12:06:44-03:00
assobens_precos_comparativo,M.BENZ,MB 1417,MT|grupo MB 1419,464333.0,2026-09-24,2026-09-24T12:06:44-03:00
assobens_precos_comparativo,VW,VW 14.180,MT|grupo MB 1419,378547.0,2026-09-24,2026-09-24T12:06:44-03:00
assobens_precos_comparativo,VW,VW 18.260,Nacional|grupo MB 1719,504446.75,2026-09-24,2026-09-24T12:06:44-03:00
assobens_precos_comparativo,VW,VW 18.210,Nacional|grupo MB 1719,468040.5,2026-09-24,2026-09-24T12:06:44-03:00
assobens_precos_comparativo,M.BENZ,MB 1719,Nacional|grupo MB 1719,440005.58,2026-09-24,2026-09-24T12:06:44-03:00
assobens_precos_comparativo,VW,VW 17.210,Nacional|grupo MB 1719,439703.96,2026-09-24,2026-09-24T12:06:44-03:00
assobens_precos_comparativo,IVECO,IVECO 17-210,Nacional|grupo MB 1719,426200.51,2026-09-24,2026-09-24T12:06:44-03:00
assobens_precos_comparativo,IVECO,IVECO 17-210,MT|grupo MB 1719,428333.0,2026-09-24,2026-09-24T12:06:44-03:00
assobens_precos_comparativo,M.BENZ,MB 1719,MT|grupo MB 1719,439856.0,2026-09-24,2026-09-24T12:06:44-03:00
assobens_precos_comparativo,VW,VW 17.210,MT|grupo MB 1719,450901.0,2026-09-24,2026-09-24T12:06:44-03:00
assobens_precos_comparativo,VW,VW 18.210,MT|grupo MB 1719,463488.0,2026-09-24,2026-09-24T12:06:44-03:00
assobens_precos_comparativo,VW,VW 18.260,MT|grupo MB 1719,605375.0,2026-09-24,2026-09-24T12:06:44-03:00
assobens_precos_comparativo,M.BENZ,MB 1729,Nacional|grupo MB 1726,536900.21,2026-09-24,2026-09-24T12:06:44-03:00
assobens_precos_comparativo,VW,VW 18.320,Nacional|grupo MB 1726,536769.17,2026-09-24,2026-09-24T12:06:44-03:00
assobens_precos_comparativo,IVECO,IVECO 17-280,Nacional|grupo MB 1726,524989.19,2026-09-24,2026-09-24T12:06:44-03:00
assobens_precos_comparativo,VOLVO,VOLVO VM 290 4X2,Nacional|grupo MB 1726,498240.4,2026-09-24,2026-09-24T12:06:44-03:00
assobens_precos_comparativo,M.BENZ,MB 1726,Nacional|grupo MB 1726,491652.81,2026-09-24,2026-09-24T12:06:44-03:00
assobens_precos_comparativo,M.BENZ,MB 1733,Nacional|grupo MB 1726,464109.7,2026-09-24,2026-09-24T12:06:44-03:00
assobens_precos_comparativo,M.BENZ,MB 1726,MT|grupo MB 1726,455738.0,2026-09-24,2026-09-24T12:06:44-03:00
assobens_precos_comparativo,M.BENZ,MB 1733,MT|grupo MB 1726,458057.0,2026-09-24,2026-09-24T12:06:44-03:00
assobens_precos_comparativo,VOLVO,VOLVO VM 290 4X2,MT|grupo MB 1726,467846.0,2026-09-24,2026-09-24T12:06:44-03:00
assobens_precos_comparativo,VW,VW 18.320,MT|grupo MB 1726,540488.0,2026-09-24,2026-09-24T12:06:44-03:00
assobens_precos_comparativo,VOLVO,VOLVO VM 290 6X2,Nacional|grupo MB 2429,539187.09,2026-09-25,2026-09-25T12:06:43-03:00
assobens_precos_comparativo,M.BENZ,MB 2429,Nacional|grupo MB 2429,504003.37,2026-09-25,2026-09-25T17:06:12-03:00
assobens_precos_comparativo,IVECO,IVECO 24-280,Nacional|grupo MB 2429,514541.08,2026-09-25,2026-09-25T12:06:43-03:00
assobens_precos_comparativo,VW,VW 26.260,Nacional|grupo MB 2429,512151.16,2026-09-25,2026-09-25T12:06:43-03:00
assobens_precos_comparativo,M.BENZ,MB 2429,MT|grupo MB 2429,548994.0,2026-09-25,2026-09-25T17:06:12-03:00
assobens_precos_comparativo,IVECO,IVECO 24-280,MT|grupo MB 2429,555137.0,2026-09-25,2026-09-25T12:06:43-03:00
assobens_precos_comparativo,VOLVO,VOLVO VM 290 6X2,MT|grupo MB 2429,520881.0,2026-09-25,2026-09-25T12:06:43-03:00
assobens_precos_comparativo,VW,VW 26.260,MT|grupo MB 2429,522582.0,2026-09-25,2026-09-25T12:06:43-03:00
assobens_precos_comparativo,VW,VW 14.210,Nacional|grupo MB 1317,461334.05,2026-09-25,2026-09-25T12:06:43-03:00
assobens_precos_comparativo,M.BENZ,MB 1417,Nacional|grupo MB 1317,447114.99,2026-09-25,2026-09-25T12:06:43-03:00
assobens_precos_comparativo,M.BENZ,MB 1419,Nacional|grupo MB 1317,427459.83,2026-09-25,2026-09-25T12:06:43-03:00
assobens_precos_comparativo,VW,VW 14.180,Nacional|grupo MB 1317,404269.29,2026-09-25,2026-09-25T12:06:43-03:00
assobens_precos_comparativo,IVECO,IVECO 15-210,Nacional|grupo MB 1317,403947.5,2026-09-25,2026-09-25T12:06:43-03:00
assobens_precos_comparativo,VW,VW 13.180,Nacional|grupo MB 1317,398121.1,2026-09-25,2026-09-25T12:06:43-03:00
assobens_precos_comparativo,M.BENZ,MB 1317,Nacional|grupo MB 1317,391385.95,2026-09-25,2026-09-25T12:06:43-03:00
assobens_precos_comparativo,IVECO,IVECO 15-210,MT|grupo MB 1317,399167.0,2026-09-25,2026-09-25T12:06:43-03:00
assobens_precos_comparativo,M.BENZ,MB 1417,MT|grupo MB 1317,464333.0,2026-09-25,2026-09-25T12:06:43-03:00
assobens_precos_comparativo,VW,VW 14.180,MT|grupo MB 1317,378547.0,2026-09-25,2026-09-25T12:06:43-03:00
assobens_precos_comparativo,VW,VW 14.210,Nacional|grupo MB 1417,461334.05,2026-09-25,2026-09-25T12:06:43-03:00
assobens_precos_comparativo,M.BENZ,MB 1417,Nacional|grupo MB 1417,447114.99,2026-09-25,2026-09-25T12:06:43-03:00
assobens_precos_comparativo,M.BENZ,MB 1419,Nacional|grupo MB 1417,427459.83,2026-09-25,2026-09-25T12:06:43-03:00
assobens_precos_comparativo,VW,VW 14.180,Nacional|grupo MB 1417,404269.29,2026-09-25,2026-09-25T12:06:43-03:00
assobens_precos_comparativo,IVECO,IVECO 15-210,Nacional|grupo MB 1417,403947.5,2026-09-25,2026-09-25T12:06:43-03:00
assobens_precos_comparativo,VW,VW 13.180,Nacional|grupo MB 1417,398121.1,2026-09-25,2026-09-25T12:06:43-03:00
assobens_precos_comparativo,M.BENZ,MB 1317,Nacional|grupo MB 1417,391385.95,2026-09-25,2026-09-25T12:06:43-03:00
assobens_precos_comparativo,IVECO,IVECO 15-210,MT|grupo MB 1417,399167.0,2026-09-25,2026-09-25T12:06:43-03:00
assobens_precos_comparativo,M.BENZ,MB 1417,MT|grupo MB 1417,464333.0,2026-09-25,2026-09-25T12:06:43-03:00
assobens_precos_comparativo,VW,VW 14.180,MT|grupo MB 1417,378547.0,2026-09-25,2026-09-25T12:06:43-03:00
assobens_precos_comparativo,VW,VW 14.210,Nacional|grupo MB 1419,461334.05,2026-09-25,2026-09-25T12:06:43-03:00
assobens_precos_comparativo,M.BENZ,MB 1417,Nacional|grupo MB 1419,447114.99,2026-09-25,2026-09-25T12:06:43-03:00
assobens_precos_comparativo,M.BENZ,MB 1419,Nacional|grupo MB 1419,427459.83,2026-09-25,2026-09-25T12:06:43-03:00
assobens_precos_comparativo,VW,VW 14.180,Nacional|grupo MB 1419,404269.29,2026-09-25,2026-09-25T12:06:43-03:00
assobens_precos_comparativo,IVECO,IVECO 15-210,Nacional|grupo MB 1419,403947.5,2026-09-25,2026-09-25T12:06:43-03:00
assobens_precos_comparativo,VW,VW 13.180,Nacional|grupo MB 1419,398121.1,2026-09-25,2026-09-25T12:06:43-03:00
assobens_precos_comparativo,M.BENZ,MB 1317,Nacional|grupo MB 1419,391385.95,2026-09-25,2026-09-25T12:06:43-03:00
assobens_precos_comparativo,IVECO,IVECO 15-210,MT|grupo MB 1419,399167.0,2026-09-25,2026-09-25T12:06:43-03:00
assobens_precos_comparativo,M.BENZ,MB 1417,MT|grupo MB 1419,464333.0,2026-09-25,2026-09-25T12:06:43-03:00
assobens_precos_comparativo,VW,VW 14.180,MT|grupo MB 1419,378547.0,2026-09-25,2026-09-25T12:06:43-03:00
assobens_precos_comparativo,VW,VW 18.260,Nacional|grupo MB 1719,504446.75,2026-09-25,2026-09-25T12:06:43-03:00
assobens_precos_comparativo,VW,VW 18.210,Nacional|grupo MB 1719,468040.5,2026-09-25,2026-09-25T12:06:43-03:00
assobens_precos_comparativo,M.BENZ,MB 1719,Nacional|grupo MB 1719,440005.58,2026-09-25,2026-09-25T12:06:43-03:00
assobens_precos_comparativo,VW,VW 17.210,Nacional|grupo MB 1719,439703.96,2026-09-25,2026-09-25T12:06:43-03:00
assobens_precos_comparativo,IVECO,IVECO 17-210,Nacional|grupo MB 1719,426200.51,2026-09-25,2026-09-25T12:06:43-03:00
assobens_precos_comparativo,IVECO,IVECO 17-210,MT|grupo MB 1719,428333.0,2026-09-25,2026-09-25T12:06:43-03:00
assobens_precos_comparativo,M.BENZ,MB 1719,MT|grupo MB 1719,439856.0,2026-09-25,2026-09-25T12:06:43-03:00
assobens_precos_comparativo,VW,VW 17.210,MT|grupo MB 1719,450901.0,2026-09-25,2026-09-25T12:06:43-03:00
assobens_precos_comparativo,VW,VW 18.210,MT|grupo MB 1719,463488.0,2026-09-25,2026-09-25T12:06:43-03:00
assobens_precos_comparativo,VW,VW 18.260,MT|grupo MB 1719,605375.0,2026-09-25,2026-09-25T12:06:43-03:00
assobens_precos_comparativo,M.BENZ,MB 1729,Nacional|grupo MB 1726,536900.21,2026-09-25,2026-09-25T12:06:43-03:00
assobens_precos_comparativo,VW,VW 18.320,Nacional|grupo MB 1726,536769.17,2026-09-25,2026-09-25T12:06:43-03:00
assobens_precos_comparativo,IVECO,IVECO 17-280,Nacional|grupo MB 1726,524989.19,2026-09-25,2026-09-25T12:06:43-03:00
assobens_precos_comparativo,VOLVO,VOLVO VM 290 4X2,Nacional|grupo MB 1726,498240.4,2026-09-25,2026-09-25T12:06:43-03:00
assobens_precos_comparativo,M.BENZ,MB 1726,Nacional|grupo MB 1726,491652.81,2026-09-25,2026-09-25T12:06:43-03:00
assobens_precos_comparativo,M.BENZ,MB 1733,Nacional|grupo MB 1726,464109.7,2026-09-25,2026-09-25T12:06:43-03:00
assobens_precos_comparativo,M.BENZ,MB 1726,MT|grupo MB 1726,455738.0,2026-09-25,2026-09-25T12:06:43-03:00
assobens_precos_comparativo,M.BENZ,MB 1733,MT|grupo MB 1726,458057.0,2026-09-25,2026-09-25T12:06:43-03:00
assobens_precos_comparativo,VOLVO,VOLVO VM 290 4X2,MT|grupo MB 1726,467846.0,2026-09-25,2026-09-25T12:06:43-03:00
assobens_precos_comparativo,VW,VW 18.320,MT|grupo MB 1726,540488.0,2026-09-25,2026-09-25T12:06:43-03:00
assobens_precos_comparativo,VOLVO,VOLVO VM 290 6X2,Nacional|grupo MB 2429,539856.67,2026-09-26,2026-09-26T08:06:46-03:00
assobens_precos_comparativo,M.BENZ,MB 2429,Nacional|grupo MB 2429,503979.73,2026-09-26,2026-09-26T17:06:20-03:00
assobens_precos_comparativo,IVECO,IVECO 24-280,Nacional|grupo MB 2429,515364.98,2026-09-26,2026-09-26T08:06:46-03:00
assobens_precos_comparativo,VW,VW 26.260,Nacional|grupo MB 2429,512434.69,2026-09-26,2026-09-26T08:06:46-03:00
assobens_precos_comparativo,M.BENZ,MB 2429,MT|grupo MB 2429,545230.0,2026-09-26,2026-09-26T17:06:20-03:00
assobens_precos_comparativo,IVECO,IVECO 24-280,MT|grupo MB 2429,555860.0,2026-09-26,2026-09-26T08:06:46-03:00
assobens_precos_comparativo,VOLVO,VOLVO VM 290 6X2,MT|grupo MB 2429,520881.0,2026-09-26,2026-09-26T08:06:46-03:00
assobens_precos_comparativo,VW,VW 26.260,MT|grupo MB 2429,534835.0,2026-09-26,2026-09-26T08:06:46-03:00
assobens_precos_comparativo,VW,VW 14.210,Nacional|grupo MB 1317,461334.05,2026-09-26,2026-09-26T08:06:46-03:00
assobens_precos_comparativo,M.BENZ,MB 1417,Nacional|grupo MB 1317,448384.26,2026-09-26,2026-09-26T08:06:46-03:00
assobens_precos_comparativo,M.BENZ,MB 1419,Nacional|grupo MB 1317,427875.71,2026-09-26,2026-09-26T08:06:46-03:00
assobens_precos_comparativo,VW,VW 14.180,Nacional|grupo MB 1317,404524.75,2026-09-26,2026-09-26T08:06:46-03:00
assobens_precos_comparativo,IVECO,IVECO 15-210,Nacional|grupo MB 1317,403947.5,2026-09-26,2026-09-26T08:06:46-03:00
assobens_precos_comparativo,VW,VW 13.180,Nacional|grupo MB 1317,397879.48,2026-09-26,2026-09-26T08:06:46-03:00
assobens_precos_comparativo,M.BENZ,MB 1317,Nacional|grupo MB 1317,391385.95,2026-09-26,2026-09-26T08:06:46-03:00
assobens_precos_comparativo,IVECO,IVECO 15-210,MT|grupo MB 1317,399167.0,2026-09-26,2026-09-26T08:06:46-03:00
assobens_precos_comparativo,M.BENZ,MB 1417,MT|grupo MB 1317,464333.0,2026-09-26,2026-09-26T08:06:46-03:00
assobens_precos_comparativo,VW,VW 14.180,MT|grupo MB 1317,378547.0,2026-09-26,2026-09-26T08:06:46-03:00
assobens_precos_comparativo,VW,VW 14.210,Nacional|grupo MB 1417,461334.05,2026-09-26,2026-09-26T08:06:46-03:00
assobens_precos_comparativo,M.BENZ,MB 1417,Nacional|grupo MB 1417,448384.26,2026-09-26,2026-09-26T08:06:46-03:00
assobens_precos_comparativo,M.BENZ,MB 1419,Nacional|grupo MB 1417,427875.71,2026-09-26,2026-09-26T08:06:46-03:00
assobens_precos_comparativo,VW,VW 14.180,Nacional|grupo MB 1417,404524.75,2026-09-26,2026-09-26T08:06:46-03:00
assobens_precos_comparativo,IVECO,IVECO 15-210,Nacional|grupo MB 1417,403947.5,2026-09-26,2026-09-26T08:06:46-03:00
assobens_precos_comparativo,VW,VW 13.180,Nacional|grupo MB 1417,397879.48,2026-09-26,2026-09-26T08:06:46-03:00
assobens_precos_comparativo,M.BENZ,MB 1317,Nacional|grupo MB 1417,391385.95,2026-09-26,2026-09-26T08:06:46-03:00
assobens_precos_comparativo,IVECO,IVECO 15-210,MT|grupo MB 1417,399167.0,2026-09-26,2026-09-26T08:06:46-03:00
assobens_precos_comparativo,M.BENZ,MB 1417,MT|grupo MB 1417,464333.0,2026-09-26,2026-09-26T08:06:46-03:00
assobens_precos_comparativo,VW,VW 14.180,MT|grupo MB 1417,378547.0,2026-09-26,2026-09-26T08:06:46-03:00
assobens_precos_comparativo,VW,VW 14.210,Nacional|grupo MB 1419,461334.05,2026-09-26,2026-09-26T08:06:46-03:00
assobens_precos_comparativo,M.BENZ,MB 1417,Nacional|grupo MB 1419,448384.26,2026-09-26,2026-09-26T08:06:46-03:00
assobens_precos_comparativo,M.BENZ,MB 1419,Nacional|grupo MB 1419,427875.71,2026-09-26,2026-09-26T08:06:46-03:00
assobens_precos_comparativo,VW,VW 14.180,Nacional|grupo MB 1419,404524.75,2026-09-26,2026-09-26T08:06:46-03:00
assobens_precos_comparativo,IVECO,IVECO 15-210,Nacional|grupo MB 1419,403947.5,2026-09-26,2026-09-26T08:06:46-03:00
assobens_precos_comparativo,VW,VW 13.180,Nacional|grupo MB 1419,397879.48,2026-09-26,2026-09-26T08:06:46-03:00
assobens_precos_comparativo,M.BENZ,MB 1317,Nacional|grupo MB 1419,391385.95,2026-09-26,2026-09-26T08:06:46-03:00
assobens_precos_comparativo,IVECO,IVECO 15-210,MT|grupo MB 1419,399167.0,2026-09-26,2026-09-26T08:06:46-03:00
assobens_precos_comparativo,M.BENZ,MB 1417,MT|grupo MB 1419,464333.0,2026-09-26,2026-09-26T08:06:46-03:00
assobens_precos_comparativo,VW,VW 14.180,MT|grupo MB 1419,378547.0,2026-09-26,2026-09-26T08:06:46-03:00
assobens_precos_comparativo,VW,VW 18.260,Nacional|grupo MB 1719,504816.62,2026-09-26,2026-09-26T08:06:46-03:00
assobens_precos_comparativo,VW,VW 18.210,Nacional|grupo MB 1719,468040.5,2026-09-26,2026-09-26T08:06:46-03:00
assobens_precos_comparativo,VW,VW 17.210,Nacional|grupo MB 1719,439723.87,2026-09-26,2026-09-26T08:06:46-03:00
assobens_precos_comparativo,M.BENZ,MB 1719,Nacional|grupo MB 1719,438681.84,2026-09-26,2026-09-26T08:06:46-03:00
assobens_precos_comparativo,IVECO,IVECO 17-210,Nacional|grupo MB 1719,425957.35,2026-09-26,2026-09-26T08:06:46-03:00
assobens_precos_comparativo,IVECO,IVECO 17-210,MT|grupo MB 1719,428333.0,2026-09-26,2026-09-26T08:06:46-03:00
assobens_precos_comparativo,M.BENZ,MB 1719,MT|grupo MB 1719,440502.0,2026-09-26,2026-09-26T08:06:46-03:00
assobens_precos_comparativo,VW,VW 17.210,MT|grupo MB 1719,450901.0,2026-09-26,2026-09-26T08:06:46-03:00
assobens_precos_comparativo,VW,VW 18.210,MT|grupo MB 1719,463488.0,2026-09-26,2026-09-26T08:06:46-03:00
assobens_precos_comparativo,VW,VW 18.260,MT|grupo MB 1719,605375.0,2026-09-26,2026-09-26T08:06:46-03:00
assobens_precos_comparativo,M.BENZ,MB 1729,Nacional|grupo MB 1726,536900.21,2026-09-26,2026-09-26T08:06:46-03:00
assobens_precos_comparativo,VW,VW 18.320,Nacional|grupo MB 1726,536769.17,2026-09-26,2026-09-26T08:06:46-03:00
assobens_precos_comparativo,IVECO,IVECO 17-280,Nacional|grupo MB 1726,525073.46,2026-09-26,2026-09-26T08:06:46-03:00
assobens_precos_comparativo,VOLVO,VOLVO VM 290 4X2,Nacional|grupo MB 1726,499454.28,2026-09-26,2026-09-26T08:06:46-03:00
assobens_precos_comparativo,M.BENZ,MB 1726,Nacional|grupo MB 1726,491994.67,2026-09-26,2026-09-26T08:06:46-03:00
assobens_precos_comparativo,M.BENZ,MB 1733,Nacional|grupo MB 1726,464109.7,2026-09-26,2026-09-26T08:06:46-03:00
assobens_precos_comparativo,M.BENZ,MB 1726,MT|grupo MB 1726,455738.0,2026-09-26,2026-09-26T08:06:46-03:00
assobens_precos_comparativo,M.BENZ,MB 1733,MT|grupo MB 1726,458057.0,2026-09-26,2026-09-26T08:06:46-03:00
assobens_precos_comparativo,VOLVO,VOLVO VM 290 4X2,MT|grupo MB 1726,467846.0,2026-09-26,2026-09-26T08:06:46-03:00
assobens_precos_comparativo,VW,VW 18.320,MT|grupo MB 1726,540488.0,2026-09-26,2026-09-26T08:06:46-03:00
assobens_precos_comparativo,VOLVO,VOLVO VM 290 6X2,Nacional|grupo MB 2429,539856.67,2026-09-27,2026-09-27T08:06:20-03:00
assobens_precos_comparativo,M.BENZ,MB 2429,Nacional|grupo MB 2429,503979.73,2026-09-27,2026-09-27T17:06:58-03:00
assobens_precos_comparativo,IVECO,IVECO 24-280,Nacional|grupo MB 2429,515364.98,2026-09-27,2026-09-27T08:06:20-03:00
assobens_precos_comparativo,VW,VW 26.260,Nacional|grupo MB 2429,512434.69,2026-09-27,2026-09-27T08:06:20-03:00
assobens_precos_comparativo,M.BENZ,MB 2429,MT|grupo MB 2429,545230.0,2026-09-27,2026-09-27T17:06:58-03:00
assobens_precos_comparativo,IVECO,IVECO 24-280,MT|grupo MB 2429,555860.0,2026-09-27,2026-09-27T08:06:20-03:00
assobens_precos_comparativo,VOLVO,VOLVO VM 290 6X2,MT|grupo MB 2429,520881.0,2026-09-27,2026-09-27T08:06:20-03:00
assobens_precos_comparativo,VW,VW 26.260,MT|grupo MB 2429,534835.0,2026-09-27,2026-09-27T08:06:20-03:00
assobens_precos_comparativo,VW,VW 14.210,Nacional|grupo MB 1317,461334.05,2026-09-27,2026-09-27T08:06:20-03:00
assobens_precos_comparativo,M.BENZ,MB 1417,Nacional|grupo MB 1317,448384.26,2026-09-27,2026-09-27T08:06:20-03:00
assobens_precos_comparativo,M.BENZ,MB 1419,Nacional|grupo MB 1317,427875.71,2026-09-27,2026-09-27T08:06:20-03:00
assobens_precos_comparativo,VW,VW 14.180,Nacional|grupo MB 1317,404524.75,2026-09-27,2026-09-27T08:06:20-03:00
assobens_precos_comparativo,IVECO,IVECO 15-210,Nacional|grupo MB 1317,403947.5,2026-09-27,2026-09-27T08:06:20-03:00
assobens_precos_comparativo,VW,VW 13.180,Nacional|grupo MB 1317,397879.48,2026-09-27,2026-09-27T08:06:20-03:00
assobens_precos_comparativo,M.BENZ,MB 1317,Nacional|grupo MB 1317,391385.95,2026-09-27,2026-09-27T08:06:20-03:00
assobens_precos_comparativo,IVECO,IVECO 15-210,MT|grupo MB 1317,399167.0,2026-09-27,2026-09-27T08:06:20-03:00
assobens_precos_comparativo,M.BENZ,MB 1417,MT|grupo MB 1317,464333.0,2026-09-27,2026-09-27T08:06:20-03:00
assobens_precos_comparativo,VW,VW 14.180,MT|grupo MB 1317,378547.0,2026-09-27,2026-09-27T08:06:20-03:00
assobens_precos_comparativo,VW,VW 14.210,Nacional|grupo MB 1417,461334.05,2026-09-27,2026-09-27T08:06:20-03:00
assobens_precos_comparativo,M.BENZ,MB 1417,Nacional|grupo MB 1417,448384.26,2026-09-27,2026-09-27T08:06:20-03:00
assobens_precos_comparativo,M.BENZ,MB 1419,Nacional|grupo MB 1417,427875.71,2026-09-27,2026-09-27T08:06:20-03:00
assobens_precos_comparativo,VW,VW 14.180,Nacional|grupo MB 1417,404524.75,2026-09-27,2026-09-27T08:06:20-03:00
assobens_precos_comparativo,IVECO,IVECO 15-210,Nacional|grupo MB 1417,403947.5,2026-09-27,2026-09-27T08:06:20-03:00
assobens_precos_comparativo,VW,VW 13.180,Nacional|grupo MB 1417,397879.48,2026-09-27,2026-09-27T08:06:20-03:00
assobens_precos_comparativo,M.BENZ,MB 1317,Nacional|grupo MB 1417,391385.95,2026-09-27,2026-09-27T08:06:20-03:00
assobens_precos_comparativo,IVECO,IVECO 15-210,MT|grupo MB 1417,399167.0,2026-09-27,2026-09-27T08:06:20-03:00
assobens_precos_comparativo,M.BENZ,MB 1417,MT|grupo MB 1417,464333.0,2026-09-27,2026-09-27T08:06:20-03:00
assobens_precos_comparativo,VW,VW 14.180,MT|grupo MB 1417,378547.0,2026-09-27,2026-09-27T08:06:20-03:00
assobens_precos_comparativo,VW,VW 14.210,Nacional|grupo MB 1419,461334.05,2026-09-27,2026-09-27T08:06:20-03:00
assobens_precos_comparativo,M.BENZ,MB 1417,Nacional|grupo MB 1419,448384.26,2026-09-27,2026-09-27T08:06:20-03:00
assobens_precos_comparativo,M.BENZ,MB 1419,Nacional|grupo MB 1419,427875.71,2026-09-27,2026-09-27T08:06:20-03:00
assobens_precos_comparativo,VW,VW 14.180,Nacional|grupo MB 1419,404524.75,2026-09-27,2026-09-27T08:06:20-03:00
assobens_precos_comparativo,IVECO,IVECO 15-210,Nacional|grupo MB 1419,403947.5,2026-09-27,2026-09-27T08:06:20-03:00
assobens_precos_comparativo,VW,VW 13.180,Nacional|grupo MB 1419,397879.48,2026-09-27,2026-09-27T08:06:20-03:00
assobens_precos_comparativo,M.BENZ,MB 1317,Nacional|grupo MB 1419,391385.95,2026-09-27,2026-09-27T08:06:20-03:00
assobens_precos_comparativo,IVECO,IVECO 15-210,MT|grupo MB 1419,399167.0,2026-09-27,2026-09-27T08:06:20-03:00
assobens_precos_comparativo,M.BENZ,MB 1417,MT|grupo MB 1419,464333.0,2026-09-27,2026-09-27T08:06:20-03:00
assobens_precos_comparativo,VW,VW 14.180,MT|grupo MB 1419,378547.0,2026-09-27,2026-09-27T08:06:20-03:00
assobens_precos_comparativo,VW,VW 18.260,Nacional|grupo MB 1719,504816.62,2026-09-27,2026-09-27T08:06:20-03:00
assobens_precos_comparativo,VW,VW 18.210,Nacional|grupo MB 1719,468040.5,2026-09-27,2026-09-27T08:06:20-03:00
assobens_precos_comparativo,VW,VW 17.210,Nacional|grupo MB 1719,439723.87,2026-09-27,2026-09-27T08:06:20-03:00
assobens_precos_comparativo,M.BENZ,MB 1719,Nacional|grupo MB 1719,438681.84,2026-09-27,2026-09-27T08:06:20-03:00
assobens_precos_comparativo,IVECO,IVECO 17-210,Nacional|grupo MB 1719,425957.35,2026-09-27,2026-09-27T08:06:20-03:00
assobens_precos_comparativo,IVECO,IVECO 17-210,MT|grupo MB 1719,428333.0,2026-09-27,2026-09-27T08:06:20-03:00
assobens_precos_comparativo,M.BENZ,MB 1719,MT|grupo MB 1719,440502.0,2026-09-27,2026-09-27T08:06:20-03:00
assobens_precos_comparativo,VW,VW 17.210,MT|grupo MB 1719,450901.0,2026-09-27,2026-09-27T08:06:20-03:00
assobens_precos_comparativo,VW,VW 18.210,MT|grupo MB 1719,463488.0,2026-09-27,2026-09-27T08:06:20-03:00
assobens_precos_comparativo,VW,VW 18.260,MT|grupo MB 1719,605375.0,2026-09-27,2026-09-27T08:06:20-03:00
assobens_precos_comparativo,M.BENZ,MB 1729,Nacional|grupo MB 1726,536900.21,2026-09-27,2026-09-27T08:06:20-03:00
assobens_precos_comparativo,VW,VW 18.320,Nacional|grupo MB 1726,536769.17,2026-09-27,2026-09-27T08:06:20-03:00
assobens_precos_comparativo,IVECO,IVECO 17-280,Nacional|grupo MB 1726,525073.46,2026-09-27,2026-09-27T08:06:20-03:00
assobens_precos_comparativo,VOLVO,VOLVO VM 290 4X2,Nacional|grupo MB 1726,499454.28,2026-09-27,2026-09-27T08:06:20-03:00
assobens_precos_comparativo,M.BENZ,MB 1726,Nacional|grupo MB 1726,491994.67,2026-09-27,2026-09-27T08:06:20-03:00
assobens_precos_comparativo,M.BENZ,MB 1733,Nacional|grupo MB 1726,464109.7,2026-09-27,2026-09-27T08:06:20-03:00
assobens_precos_comparativo,M.BENZ,MB 1726,MT|grupo MB 1726,455738.0,2026-09-27,2026-09-27T08:06:20-03:00
assobens_precos_comparativo,M.BENZ,MB 1733,MT|grupo MB 1726,458057.0,2026-09-27,2026-09-27T08:06:20-03:00
assobens_precos_comparativo,VOLVO,VOLVO VM 290 4X2,MT|grupo MB 1726,467846.0,2026-09-27,2026-09-27T08:06:20-03:00
assobens_precos_comparativo,VW,VW 18.320,MT|grupo MB 1726,540488.0,2026-09-27,2026-09-27T08:06:20-03:00
assobens_precos_comparativo,VOLVO,VOLVO VM 290 6X2,Nacional|grupo MB 2429,539856.67,2026-09-28,2026-09-28T08:06:53-03:00
assobens_precos_comparativo,M.BENZ,MB 2429,Nacional|grupo MB 2429,503979.73,2026-09-28,2026-09-29T08:06:47-03:00
assobens_precos_comparativo,IVECO,IVECO 24-280,Nacional|grupo MB 2429,515364.98,2026-09-28,2026-09-28T08:06:53-03:00
assobens_precos_comparativo,VW,VW 26.260,Nacional|grupo MB 2429,512434.69,2026-09-28,2026-09-28T08:06:53-03:00
assobens_precos_comparativo,M.BENZ,MB 2429,MT|grupo MB 2429,545230.0,2026-09-28,2026-09-29T08:06:47-03:00
assobens_precos_comparativo,IVECO,IVECO 24-280,MT|grupo MB 2429,555860.0,2026-09-28,2026-09-28T08:06:53-03:00
assobens_precos_comparativo,VOLVO,VOLVO VM 290 6X2,MT|grupo MB 2429,520881.0,2026-09-28,2026-09-28T08:06:53-03:00
assobens_precos_comparativo,VW,VW 26.260,MT|grupo MB 2429,534835.0,2026-09-28,2026-09-28T08:06:53-03:00
assobens_precos_comparativo,VW,VW 14.210,Nacional|grupo MB 1317,461334.05,2026-09-28,2026-09-28T08:06:53-03:00
assobens_precos_comparativo,M.BENZ,MB 1417,Nacional|grupo MB 1317,448384.26,2026-09-28,2026-09-28T08:06:53-03:00
assobens_precos_comparativo,M.BENZ,MB 1419,Nacional|grupo MB 1317,427875.71,2026-09-28,2026-09-28T08:06:53-03:00
assobens_precos_comparativo,VW,VW 14.180,Nacional|grupo MB 1317,404524.75,2026-09-28,2026-09-28T08:06:53-03:00
assobens_precos_comparativo,IVECO,IVECO 15-210,Nacional|grupo MB 1317,403947.5,2026-09-28,2026-09-28T08:06:53-03:00
assobens_precos_comparativo,VW,VW 13.180,Nacional|grupo MB 1317,397879.48,2026-09-28,2026-09-28T08:06:53-03:00
assobens_precos_comparativo,M.BENZ,MB 1317,Nacional|grupo MB 1317,391385.95,2026-09-28,2026-09-28T08:06:53-03:00
assobens_precos_comparativo,IVECO,IVECO 15-210,MT|grupo MB 1317,399167.0,2026-09-28,2026-09-28T08:06:53-03:00
assobens_precos_comparativo,M.BENZ,MB 1417,MT|grupo MB 1317,464333.0,2026-09-28,2026-09-28T08:06:53-03:00
assobens_precos_comparativo,VW,VW 14.180,MT|grupo MB 1317,378547.0,2026-09-28,2026-09-28T08:06:53-03:00
assobens_precos_comparativo,VW,VW 14.210,Nacional|grupo MB 1417,461334.05,2026-09-28,2026-09-28T08:06:53-03:00
assobens_precos_comparativo,M.BENZ,MB 1417,Nacional|grupo MB 1417,448384.26,2026-09-28,2026-09-28T08:06:53-03:00
assobens_precos_comparativo,M.BENZ,MB 1419,Nacional|grupo MB 1417,427875.71,2026-09-28,2026-09-28T08:06:53-03:00
assobens_precos_comparativo,VW,VW 14.180,Nacional|grupo MB 1417,404524.75,2026-09-28,2026-09-28T08:06:53-03:00
assobens_precos_comparativo,IVECO,IVECO 15-210,Nacional|grupo MB 1417,403947.5,2026-09-28,2026-09-28T08:06:53-03:00
assobens_precos_comparativo,VW,VW 13.180,Nacional|grupo MB 1417,397879.48,2026-09-28,2026-09-28T08:06:53-03:00
assobens_precos_comparativo,M.BENZ,MB 1317,Nacional|grupo MB 1417,391385.95,2026-09-28,2026-09-28T08:06:53-03:00
assobens_precos_comparativo,IVECO,IVECO 15-210,MT|grupo MB 1417,399167.0,2026-09-28,2026-09-28T08:06:53-03:00
assobens_precos_comparativo,M.BENZ,MB 1417,MT|grupo MB 1417,464333.0,2026-09-28,2026-09-28T08:06:53-03:00
assobens_precos_comparativo,VW,VW 14.180,MT|grupo MB 1417,378547.0,2026-09-28,2026-09-28T08:06:53-03:00
assobens_precos_comparativo,VW,VW 14.210,Nacional|grupo MB 1419,461334.05,2026-09-28,2026-09-28T08:06:53-03:00
assobens_precos_comparativo,M.BENZ,MB 1417,Nacional|grupo MB 1419,448384.26,2026-09-28,2026-09-28T08:06:53-03:00
assobens_precos_comparativo,M.BENZ,MB 1419,Nacional|grupo MB 1419,427875.71,2026-09-28,2026-09-28T08:06:53-03:00
assobens_precos_comparativo,VW,VW 14.180,Nacional|grupo MB 1419,404524.75,2026-09-28,2026-09-28T08:06:53-03:00
assobens_precos_comparativo,IVECO,IVECO 15-210,Nacional|grupo MB 1419,403947.5,2026-09-28,2026-09-28T08:06:53-03:00
assobens_precos_comparativo,VW,VW 13.180,Nacional|grupo MB 1419,397879.48,2026-09-28,2026-09-28T08:06:53-03:00
assobens_precos_comparativo,M.BENZ,MB 1317,Nacional|grupo MB 1419,391385.95,2026-09-28,2026-09-28T08:06:53-03:00
assobens_precos_comparativo,IVECO,IVECO 15-210,MT|grupo MB 1419,399167.0,2026-09-28,2026-09-28T08:06:53-03:00
assobens_precos_comparativo,M.BENZ,MB 1417,MT|grupo MB 1419,464333.0,2026-09-28,2026-09-28T08:06:53-03:00
assobens_precos_comparativo,VW,VW 14.180,MT|grupo MB 1419,378547.0,2026-09-28,2026-09-28T08:06:53-03:00
assobens_precos_comparativo,VW,VW 18.260,Nacional|grupo MB 1719,504816.62,2026-09-28,2026-09-28T08:06:53-03:00
assobens_precos_comparativo,VW,VW 18.210,Nacional|grupo MB 1719,468040.5,2026-09-28,2026-09-28T08:06:53-03:00
assobens_precos_comparativo,VW,VW 17.210,Nacional|grupo MB 1719,439723.87,2026-09-28,2026-09-28T08:06:53-03:00
assobens_precos_comparativo,M.BENZ,MB 1719,Nacional|grupo MB 1719,438681.84,2026-09-28,2026-09-28T08:06:53-03:00
assobens_precos_comparativo,IVECO,IVECO 17-210,Nacional|grupo MB 1719,425957.35,2026-09-28,2026-09-28T08:06:53-03:00
assobens_precos_comparativo,IVECO,IVECO 17-210,MT|grupo MB 1719,428333.0,2026-09-28,2026-09-28T08:06:53-03:00
assobens_precos_comparativo,M.BENZ,MB 1719,MT|grupo MB 1719,440502.0,2026-09-28,2026-09-28T08:06:53-03:00
assobens_precos_comparativo,VW,VW 17.210,MT|grupo MB 1719,450901.0,2026-09-28,2026-09-28T08:06:53-03:00
assobens_precos_comparativo,VW,VW 18.210,MT|grupo MB 1719,463488.0,2026-09-28,2026-09-28T08:06:53-03:00
assobens_precos_comparativo,VW,VW 18.260,MT|grupo MB 1719,605375.0,2026-09-28,2026-09-28T08:06:53-03:00
assobens_precos_comparativo,M.BENZ,MB 1729,Nacional|grupo MB 1726,536900.21,2026-09-28,2026-09-28T08:06:53-03:00
assobens_precos_comparativo,VW,VW 18.320,Nacional|grupo MB 1726,536769.17,2026-09-28,2026-09-28T08:06:53-03:00
assobens_precos_comparativo,IVECO,IVECO 17-280,Nacional|grupo MB 1726,525073.46,2026-09-28,2026-09-28T08:06:53-03:00
assobens_precos_comparativo,VOLVO,VOLVO VM 290 4X2,Nacional|grupo MB 1726,499454.28,2026-09-28,2026-09-28T08:06:53-03:00
assobens_precos_comparativo,M.BENZ,MB 1726,Nacional|grupo MB 1726,491994.67,2026-09-28,2026-09-28T08:06:53-03:00
assobens_precos_comparativo,M.BENZ,MB 1733,Nacional|grupo MB 1726,464109.7,2026-09-28,2026-09-28T08:06:53-03:00
assobens_precos_comparativo,M.BENZ,MB 1726,MT|grupo MB 1726,455738.0,2026-09-28,2026-09-28T08:06:53-03:00
assobens_precos_comparativo,M.BENZ,MB 1733,MT|grupo MB 1726,458057.0,2026-09-28,2026-09-28T08:06:53-03:00
assobens_precos_comparativo,VOLVO,VOLVO VM 290 4X2,MT|grupo MB 1726,467846.0,2026-09-28,2026-09-28T08:06:53-03:00
assobens_precos_comparativo,VW,VW 18.320,MT|grupo MB 1726,540488.0,2026-09-28,2026-09-28T08:06:53-03:00
assobens_precos_comparativo,VOLVO,VOLVO VM 290 6X2,Nacional|grupo MB 2429,539856.67,2026-09-29,2026-09-29T12:07:24-03:00
assobens_precos_comparativo,M.BENZ,MB 2429,Nacional|grupo MB 2429,503979.73,2026-09-29,2026-09-29T17:07:04-03:00
assobens_precos_comparativo,IVECO,IVECO 24-280,Nacional|grupo MB 2429,515364.98,2026-09-29,2026-09-29T12:07:24-03:00
assobens_precos_comparativo,VW,VW 26.260,Nacional|grupo MB 2429,512434.69,2026-09-29,2026-09-29T12:07:24-03:00
assobens_precos_comparativo,M.BENZ,MB 2429,MT|grupo MB 2429,545230.0,2026-09-29,2026-09-29T17:07:04-03:00
assobens_precos_comparativo,IVECO,IVECO 24-280,MT|grupo MB 2429,555860.0,2026-09-29,2026-09-29T12:07:24-03:00
assobens_precos_comparativo,VOLVO,VOLVO VM 290 6X2,MT|grupo MB 2429,520881.0,2026-09-29,2026-09-29T12:07:24-03:00
assobens_precos_comparativo,VW,VW 26.260,MT|grupo MB 2429,534835.0,2026-09-29,2026-09-29T12:07:24-03:00
assobens_precos_comparativo,VW,VW 14.210,Nacional|grupo MB 1317,461334.05,2026-09-29,2026-09-29T12:07:24-03:00
assobens_precos_comparativo,M.BENZ,MB 1417,Nacional|grupo MB 1317,448384.26,2026-09-29,2026-09-29T12:07:24-03:00
assobens_precos_comparativo,M.BENZ,MB 1419,Nacional|grupo MB 1317,427875.71,2026-09-29,2026-09-29T12:07:24-03:00
assobens_precos_comparativo,VW,VW 14.180,Nacional|grupo MB 1317,404524.75,2026-09-29,2026-09-29T12:07:24-03:00
assobens_precos_comparativo,IVECO,IVECO 15-210,Nacional|grupo MB 1317,403947.5,2026-09-29,2026-09-29T12:07:24-03:00
assobens_precos_comparativo,VW,VW 13.180,Nacional|grupo MB 1317,397879.48,2026-09-29,2026-09-29T12:07:24-03:00
assobens_precos_comparativo,M.BENZ,MB 1317,Nacional|grupo MB 1317,391385.95,2026-09-29,2026-09-29T12:07:24-03:00
assobens_precos_comparativo,IVECO,IVECO 15-210,MT|grupo MB 1317,399167.0,2026-09-29,2026-09-29T12:07:24-03:00
assobens_precos_comparativo,M.BENZ,MB 1417,MT|grupo MB 1317,464333.0,2026-09-29,2026-09-29T12:07:24-03:00
assobens_precos_comparativo,VW,VW 14.180,MT|grupo MB 1317,378547.0,2026-09-29,2026-09-29T12:07:24-03:00
assobens_precos_comparativo,VW,VW 14.210,Nacional|grupo MB 1417,461334.05,2026-09-29,2026-09-29T12:07:24-03:00
assobens_precos_comparativo,M.BENZ,MB 1417,Nacional|grupo MB 1417,448384.26,2026-09-29,2026-09-29T12:07:24-03:00
assobens_precos_comparativo,M.BENZ,MB 1419,Nacional|grupo MB 1417,427875.71,2026-09-29,2026-09-29T12:07:24-03:00
assobens_precos_comparativo,VW,VW 14.180,Nacional|grupo MB 1417,404524.75,2026-09-29,2026-09-29T12:07:24-03:00
assobens_precos_comparativo,IVECO,IVECO 15-210,Nacional|grupo MB 1417,403947.5,2026-09-29,2026-09-29T12:07:24-03:00
assobens_precos_comparativo,VW,VW 13.180,Nacional|grupo MB 1417,397879.48,2026-09-29,2026-09-29T12:07:24-03:00
assobens_precos_comparativo,M.BENZ,MB 1317,Nacional|grupo MB 1417,391385.95,2026-09-29,2026-09-29T12:07:24-03:00
assobens_precos_comparativo,IVECO,IVECO 15-210,MT|grupo MB 1417,399167.0,2026-09-29,2026-09-29T12:07:24-03:00
assobens_precos_comparativo,M.BENZ,MB 1417,MT|grupo MB 1417,464333.0,2026-09-29,2026-09-29T12:07:24-03:00
assobens_precos_comparativo,VW,VW 14.180,MT|grupo MB 1417,378547.0,2026-09-29,2026-09-29T12:07:24-03:00
assobens_precos_comparativo,VW,VW 14.210,Nacional|grupo MB 1419,461334.05,2026-09-29,2026-09-29T12:07:24-03:00
assobens_precos_comparativo,M.BENZ,MB 1417,Nacional|grupo MB 1419,448384.26,2026-09-29,2026-09-29T12:07:24-03:00
assobens_precos_comparativo,M.BENZ,MB 1419,Nacional|grupo MB 1419,427875.71,2026-09-29,2026-09-29T12:07:24-03:00
assobens_precos_comparativo,VW,VW 14.180,Nacional|grupo MB 1419,404524.75,2026-09-29,2026-09-29T12:07:24-03:00
assobens_precos_comparativo,IVECO,IVECO 15-210,Nacional|grupo MB 1419,403947.5,2026-09-29,2026-09-29T12:07:24-03:00
assobens_precos_comparativo,VW,VW 13.180,Nacional|grupo MB 1419,397879.48,2026-09-29,2026-09-29T12:07:24-03:00
assobens_precos_comparativo,M.BENZ,MB 1317,Nacional|grupo MB 1419,391385.95,2026-09-29,2026-09-29T12:07:24-03:00
assobens_precos_comparativo,IVECO,IVECO 15-210,MT|grupo MB 1419,399167.0,2026-09-29,2026-09-29T12:07:24-03:00
assobens_precos_comparativo,M.BENZ,MB 1417,MT|grupo MB 1419,464333.0,2026-09-29,2026-09-29T12:07:24-03:00
assobens_precos_comparativo,VW,VW 14.180,MT|grupo MB 1419,378547.0,2026-09-29,2026-09-29T12:07:24-03:00
assobens_precos_comparativo,VW,VW 14.210,Nacional|grupo MB 1719,461334.05,2026-09-29,2026-09-29T12:07:24-03:00
assobens_precos_comparativo,M.BENZ,MB 1417,Nacional|grupo MB 1719,448384.26,2026-09-29,2026-09-29T12:07:24-03:00
assobens_precos_comparativo,M.BENZ,MB 1419,Nacional|grupo MB 1719,427875.71,2026-09-29,2026-09-29T12:07:24-03:00
assobens_precos_comparativo,VW,VW 14.180,Nacional|grupo MB 1719,404524.75,2026-09-29,2026-09-29T12:07:24-03:00
assobens_precos_comparativo,IVECO,IVECO 15-210,Nacional|grupo MB 1719,403947.5,2026-09-29,2026-09-29T12:07:24-03:00
assobens_precos_comparativo,VW,VW 13.180,Nacional|grupo MB 1719,397879.48,2026-09-29,2026-09-29T12:07:24-03:00
assobens_precos_comparativo,M.BENZ,MB 1317,Nacional|grupo MB 1719,391385.95,2026-09-29,2026-09-29T12:07:24-03:00
assobens_precos_comparativo,IVECO,IVECO 15-210,MT|grupo MB 1719,399167.0,2026-09-29,2026-09-29T12:07:24-03:00
assobens_precos_comparativo,M.BENZ,MB 1417,MT|grupo MB 1719,464333.0,2026-09-29,2026-09-29T12:07:24-03:00
assobens_precos_comparativo,VW,VW 14.180,MT|grupo MB 1719,378547.0,2026-09-29,2026-09-29T12:07:24-03:00
assobens_precos_comparativo,M.BENZ,MB 1729,Nacional|grupo MB 1726,536900.21,2026-09-29,2026-09-29T12:07:24-03:00
assobens_precos_comparativo,VW,VW 18.320,Nacional|grupo MB 1726,536769.17,2026-09-29,2026-09-29T12:07:24-03:00
assobens_precos_comparativo,IVECO,IVECO 17-280,Nacional|grupo MB 1726,525073.46,2026-09-29,2026-09-29T12:07:24-03:00
assobens_precos_comparativo,VOLVO,VOLVO VM 290 4X2,Nacional|grupo MB 1726,499454.28,2026-09-29,2026-09-29T12:07:24-03:00
assobens_precos_comparativo,M.BENZ,MB 1726,Nacional|grupo MB 1726,491994.67,2026-09-29,2026-09-29T12:07:24-03:00
assobens_precos_comparativo,M.BENZ,MB 1733,Nacional|grupo MB 1726,464109.7,2026-09-29,2026-09-29T12:07:24-03:00
assobens_precos_comparativo,M.BENZ,MB 1726,MT|grupo MB 1726,455738.0,2026-09-29,2026-09-29T12:07:24-03:00
assobens_precos_comparativo,M.BENZ,MB 1733,MT|grupo MB 1726,458057.0,2026-09-29,2026-09-29T12:07:24-03:00
assobens_precos_comparativo,VOLVO,VOLVO VM 290 4X2,MT|grupo MB 1726,467846.0,2026-09-29,2026-09-29T12:07:24-03:00
assobens_precos_comparativo,VW,VW 18.320,MT|grupo MB 1726,540488.0,2026-09-29,2026-09-29T12:07:24-03:00
assobens_precos_comparativo,VW,VW 18.260,Nacional|grupo MB 1719,504816.62,2026-09-29,2026-09-29T17:07:04-03:00
assobens_precos_comparativo,VW,VW 18.210,Nacional|grupo MB 1719,468040.5,2026-09-29,2026-09-29T17:07:04-03:00
assobens_precos_comparativo,VW,VW 17.210,Nacional|grupo MB 1719,439723.87,2026-09-29,2026-09-29T17:07:04-03:00
assobens_precos_comparativo,M.BENZ,MB 1719,Nacional|grupo MB 1719,438681.84,2026-09-29,2026-09-29T17:07:04-03:00
assobens_precos_comparativo,IVECO,IVECO 17-210,Nacional|grupo MB 1719,425957.35,2026-09-29,2026-09-29T17:07:04-03:00
assobens_precos_comparativo,IVECO,IVECO 17-210,MT|grupo MB 1719,428333.0,2026-09-29,2026-09-29T17:07:04-03:00
assobens_precos_comparativo,M.BENZ,MB 1719,MT|grupo MB 1719,440502.0,2026-09-29,2026-09-29T17:07:04-03:00
assobens_precos_comparativo,VW,VW 17.210,MT|grupo MB 1719,450901.0,2026-09-29,2026-09-29T17:07:04-03:00
assobens_precos_comparativo,VW,VW 18.210,MT|grupo MB 1719,463488.0,2026-09-29,2026-09-29T17:07:04-03:00
assobens_precos_comparativo,VW,VW 18.260,MT|grupo MB 1719,605375.0,2026-09-29,2026-09-29T17:07:04-03:00
assobens_precos_comparativo,VOLVO,VOLVO VM 290 6X2,Nacional|grupo MB 2429,539856.67,2026-09-30,2026-09-30T08:06:43-03:00
assobens_precos_comparativo,M.BENZ,MB 2429,Nacional|grupo MB 2429,503979.73,2026-09-30,2026-09-30T17:07:11-03:00
assobens_precos_comparativo,IVECO,IVECO 24-280,Nacional|grupo MB 2429,515364.98,2026-09-30,2026-09-30T08:06:43-03:00
assobens_precos_comparativo,VW,VW 26.260,Nacional|grupo MB 2429,512434.69,2026-09-30,2026-09-30T08:06:43-03:00
assobens_precos_comparativo,M.BENZ,MB 2429,MT|grupo MB 2429,545230.0,2026-09-30,2026-09-30T17:07:11-03:00
assobens_precos_comparativo,IVECO,IVECO 24-280,MT|grupo MB 2429,555860.0,2026-09-30,2026-09-30T08:06:43-03:00
assobens_precos_comparativo,VOLVO,VOLVO VM 290 6X2,MT|grupo MB 2429,520881.0,2026-09-30,2026-09-30T08:06:43-03:00
assobens_precos_comparativo,VW,VW 26.260,MT|grupo MB 2429,534835.0,2026-09-30,2026-09-30T08:06:43-03:00
assobens_precos_comparativo,VW,VW 14.210,Nacional|grupo MB 1317,461334.05,2026-09-30,2026-09-30T08:06:43-03:00
assobens_precos_comparativo,M.BENZ,MB 1417,Nacional|grupo MB 1317,448384.26,2026-09-30,2026-09-30T08:06:43-03:00
assobens_precos_comparativo,M.BENZ,MB 1419,Nacional|grupo MB 1317,427875.71,2026-09-30,2026-09-30T08:06:43-03:00
assobens_precos_comparativo,VW,VW 14.180,Nacional|grupo MB 1317,404524.75,2026-09-30,2026-09-30T08:06:43-03:00
assobens_precos_comparativo,IVECO,IVECO 15-210,Nacional|grupo MB 1317,403947.5,2026-09-30,2026-09-30T08:06:43-03:00
assobens_precos_comparativo,VW,VW 13.180,Nacional|grupo MB 1317,397879.48,2026-09-30,2026-09-30T08:06:43-03:00
assobens_precos_comparativo,M.BENZ,MB 1317,Nacional|grupo MB 1317,391385.95,2026-09-30,2026-09-30T08:06:43-03:00
assobens_precos_comparativo,IVECO,IVECO 15-210,MT|grupo MB 1317,399167.0,2026-09-30,2026-09-30T08:06:43-03:00
assobens_precos_comparativo,M.BENZ,MB 1417,MT|grupo MB 1317,464333.0,2026-09-30,2026-09-30T08:06:43-03:00
assobens_precos_comparativo,VW,VW 14.180,MT|grupo MB 1317,378547.0,2026-09-30,2026-09-30T08:06:43-03:00
assobens_precos_comparativo,VW,VW 14.210,Nacional|grupo MB 1417,461334.05,2026-09-30,2026-09-30T08:06:43-03:00
assobens_precos_comparativo,M.BENZ,MB 1417,Nacional|grupo MB 1417,448384.26,2026-09-30,2026-09-30T08:06:43-03:00
assobens_precos_comparativo,M.BENZ,MB 1419,Nacional|grupo MB 1417,427875.71,2026-09-30,2026-09-30T08:06:43-03:00
assobens_precos_comparativo,VW,VW 14.180,Nacional|grupo MB 1417,404524.75,2026-09-30,2026-09-30T08:06:43-03:00
assobens_precos_comparativo,IVECO,IVECO 15-210,Nacional|grupo MB 1417,403947.5,2026-09-30,2026-09-30T08:06:43-03:00
assobens_precos_comparativo,VW,VW 13.180,Nacional|grupo MB 1417,397879.48,2026-09-30,2026-09-30T08:06:43-03:00
assobens_precos_comparativo,M.BENZ,MB 1317,Nacional|grupo MB 1417,391385.95,2026-09-30,2026-09-30T08:06:43-03:00
assobens_precos_comparativo,IVECO,IVECO 15-210,MT|grupo MB 1417,399167.0,2026-09-30,2026-09-30T08:06:43-03:00
assobens_precos_comparativo,M.BENZ,MB 1417,MT|grupo MB 1417,464333.0,2026-09-30,2026-09-30T08:06:43-03:00
assobens_precos_comparativo,VW,VW 14.180,MT|grupo MB 1417,378547.0,2026-09-30,2026-09-30T08:06:43-03:00
assobens_precos_comparativo,VW,VW 14.210,Nacional|grupo MB 1419,461334.05,2026-09-30,2026-09-30T08:06:43-03:00
assobens_precos_comparativo,M.BENZ,MB 1417,Nacional|grupo MB 1419,448384.26,2026-09-30,2026-09-30T08:06:43-03:00
assobens_precos_comparativo,M.BENZ,MB 1419,Nacional|grupo MB 1419,427875.71,2026-09-30,2026-09-30T08:06:43-03:00
assobens_precos_comparativo,VW,VW 14.180,Nacional|grupo MB 1419,404524.75,2026-09-30,2026-09-30T08:06:43-03:00
assobens_precos_comparativo,IVECO,IVECO 15-210,Nacional|grupo MB 1419,403947.5,2026-09-30,2026-09-30T08:06:43-03:00
assobens_precos_comparativo,VW,VW 13.180,Nacional|grupo MB 1419,397879.48,2026-09-30,2026-09-30T08:06:43-03:00
assobens_precos_comparativo,M.BENZ,MB 1317,Nacional|grupo MB 1419,391385.95,2026-09-30,2026-09-30T08:06:43-03:00
assobens_precos_comparativo,IVECO,IVECO 15-210,MT|grupo MB 1419,399167.0,2026-09-30,2026-09-30T08:06:43-03:00
assobens_precos_comparativo,M.BENZ,MB 1417,MT|grupo MB 1419,464333.0,2026-09-30,2026-09-30T08:06:43-03:00
assobens_precos_comparativo,VW,VW 14.180,MT|grupo MB 1419,378547.0,2026-09-30,2026-09-30T08:06:43-03:00
assobens_precos_comparativo,VW,VW 18.260,Nacional|grupo MB 1719,504816.62,2026-09-30,2026-09-30T08:06:43-03:00
assobens_precos_comparativo,VW,VW 18.210,Nacional|grupo MB 1719,468040.5,2026-09-30,2026-09-30T08:06:43-03:00
assobens_precos_comparativo,VW,VW 17.210,Nacional|grupo MB 1719,439723.87,2026-09-30,2026-09-30T08:06:43-03:00
assobens_precos_comparativo,M.BENZ,MB 1719,Nacional|grupo MB 1719,438681.84,2026-09-30,2026-09-30T08:06:43-03:00
assobens_precos_comparativo,IVECO,IVECO 17-210,Nacional|grupo MB 1719,425957.35,2026-09-30,2026-09-30T08:06:43-03:00
assobens_precos_comparativo,IVECO,IVECO 17-210,MT|grupo MB 1719,428333.0,2026-09-30,2026-09-30T08:06:43-03:00
assobens_precos_comparativo,M.BENZ,MB 1719,MT|grupo MB 1719,440502.0,2026-09-30,2026-09-30T08:06:43-03:00
assobens_precos_comparativo,VW,VW 17.210,MT|grupo MB 1719,450901.0,2026-09-30,2026-09-30T08:06:43-03:00
assobens_precos_comparativo,VW,VW 18.210,MT|grupo MB 1719,463488.0,2026-09-30,2026-09-30T08:06:43-03:00
assobens_precos_comparativo,VW,VW 18.260,MT|grupo MB 1719,605375.0,2026-09-30,2026-09-30T08:06:43-03:00
assobens_precos_comparativo,M.BENZ,MB 1729,Nacional|grupo MB 1726,536900.21,2026-09-30,2026-09-30T08:06:43-03:00
assobens_precos_comparativo,VW,VW 18.320,Nacional|grupo MB 1726,536769.17,2026-09-30,2026-09-30T08:06:43-03:00
assobens_precos_comparativo,IVECO,IVECO 17-280,Nacional|grupo MB 1726,525073.46,2026-09-30,2026-09-30T08:06:43-03:00
assobens_precos_comparativo,VOLVO,VOLVO VM 290 4X2,Nacional|grupo MB 1726,499454.28,2026-09-30,2026-09-30T08:06:43-03:00
assobens_precos_comparativo,M.BENZ,MB 1726,Nacional|grupo MB 1726,491994.67,2026-09-30,2026-09-30T08:06:43-03:00
assobens_precos_comparativo,M.BENZ,MB 1733,Nacional|grupo MB 1726,464109.7,2026-09-30,2026-09-30T08:06:43-03:00
assobens_precos_comparativo,M.BENZ,MB 1726,MT|grupo MB 1726,455738.0,2026-09-30,2026-09-30T08:06:43-03:00
assobens_precos_comparativo,M.BENZ,MB 1733,MT|grupo MB 1726,458057.0,2026-09-30,2026-09-30T08:06:43-03:00
assobens_precos_comparativo,VOLVO,VOLVO VM 290 4X2,MT|grupo MB 1726,467846.0,2026-09-30,2026-09-30T08:06:43-03:00
assobens_precos_comparativo,VW,VW 18.320,MT|grupo MB 1726,540488.0,2026-09-30,2026-09-30T08:06:43-03:00
assobens_precos_comparativo,VOLVO,VOLVO VM 290 6X2,Nacional|grupo MB 2429,539856.67,2026-10-01,2026-10-01T08:07:16-03:00
assobens_precos_comparativo,M.BENZ,MB 2429,Nacional|grupo MB 2429,503979.73,2026-10-01,2026-10-01T20:43:10-03:00
assobens_precos_comparativo,IVECO,IVECO 24-280,Nacional|grupo MB 2429,515364.98,2026-10-01,2026-10-01T08:07:16-03:00
assobens_precos_comparativo,VW,VW 26.260,Nacional|grupo MB 2429,512434.69,2026-10-01,2026-10-01T08:07:16-03:00
assobens_precos_comparativo,M.BENZ,MB 2429,MT|grupo MB 2429,545230.0,2026-10-01,2026-10-01T20:43:10-03:00
assobens_precos_comparativo,IVECO,IVECO 24-280,MT|grupo MB 2429,555860.0,2026-10-01,2026-10-01T08:07:16-03:00
assobens_precos_comparativo,VOLVO,VOLVO VM 290 6X2,MT|grupo MB 2429,520881.0,2026-10-01,2026-10-01T08:07:16-03:00
assobens_precos_comparativo,VW,VW 26.260,MT|grupo MB 2429,534835.0,2026-10-01,2026-10-01T08:07:16-03:00
assobens_precos_comparativo,VW,VW 14.210,Nacional|grupo MB 1317,461334.05,2026-10-01,2026-10-01T08:07:16-03:00
assobens_precos_comparativo,M.BENZ,MB 1417,Nacional|grupo MB 1317,448384.26,2026-10-01,2026-10-01T08:07:16-03:00
assobens_precos_comparativo,M.BENZ,MB 1419,Nacional|grupo MB 1317,427875.71,2026-10-01,2026-10-01T08:07:16-03:00
assobens_precos_comparativo,VW,VW 14.180,Nacional|grupo MB 1317,404524.75,2026-10-01,2026-10-01T08:07:16-03:00
assobens_precos_comparativo,IVECO,IVECO 15-210,Nacional|grupo MB 1317,403947.5,2026-10-01,2026-10-01T08:07:16-03:00
assobens_precos_comparativo,VW,VW 13.180,Nacional|grupo MB 1317,397879.48,2026-10-01,2026-10-01T08:07:16-03:00
assobens_precos_comparativo,M.BENZ,MB 1317,Nacional|grupo MB 1317,391385.95,2026-10-01,2026-10-01T08:07:16-03:00
assobens_precos_comparativo,IVECO,IVECO 15-210,MT|grupo MB 1317,399167.0,2026-10-01,2026-10-01T08:07:16-03:00
assobens_precos_comparativo,M.BENZ,MB 1417,MT|grupo MB 1317,464333.0,2026-10-01,2026-10-01T08:07:16-03:00
assobens_precos_comparativo,VW,VW 14.180,MT|grupo MB 1317,378547.0,2026-10-01,2026-10-01T08:07:16-03:00
assobens_precos_comparativo,VW,VW 14.210,Nacional|grupo MB 1417,461334.05,2026-10-01,2026-10-01T08:07:16-03:00
assobens_precos_comparativo,M.BENZ,MB 1417,Nacional|grupo MB 1417,448384.26,2026-10-01,2026-10-01T08:07:16-03:00
assobens_precos_comparativo,M.BENZ,MB 1419,Nacional|grupo MB 1417,427875.71,2026-10-01,2026-10-01T08:07:16-03:00
assobens_precos_comparativo,VW,VW 14.180,Nacional|grupo MB 1417,404524.75,2026-10-01,2026-10-01T08:07:16-03:00
assobens_precos_comparativo,IVECO,IVECO 15-210,Nacional|grupo MB 1417,403947.5,2026-10-01,2026-10-01T08:07:16-03:00
assobens_precos_comparativo,VW,VW 13.180,Nacional|grupo MB 1417,397879.48,2026-10-01,2026-10-01T08:07:16-03:00
assobens_precos_comparativo,M.BENZ,MB 1317,Nacional|grupo MB 1417,391385.95,2026-10-01,2026-10-01T08:07:16-03:00
assobens_precos_comparativo,IVECO,IVECO 15-210,MT|grupo MB 1417,399167.0,2026-10-01,2026-10-01T08:07:16-03:00
assobens_precos_comparativo,M.BENZ,MB 1417,MT|grupo MB 1417,464333.0,2026-10-01,2026-10-01T08:07:16-03:00
assobens_precos_comparativo,VW,VW 14.180,MT|grupo MB 1417,378547.0,2026-10-01,2026-10-01T08:07:16-03:00
assobens_precos_comparativo,VW,VW 14.210,Nacional|grupo MB 1419,461334.05,2026-10-01,2026-10-01T08:07:16-03:00
assobens_precos_comparativo,M.BENZ,MB 1417,Nacional|grupo MB 1419,448384.26,2026-10-01,2026-10-01T08:07:16-03:00
assobens_precos_comparativo,M.BENZ,MB 1419,Nacional|grupo MB 1419,427875.71,2026-10-01,2026-10-01T08:07:16-03:00
assobens_precos_comparativo,VW,VW 14.180,Nacional|grupo MB 1419,404524.75,2026-10-01,2026-10-01T08:07:16-03:00
assobens_precos_comparativo,IVECO,IVECO 15-210,Nacional|grupo MB 1419,403947.5,2026-10-01,2026-10-01T08:07:16-03:00
assobens_precos_comparativo,VW,VW 13.180,Nacional|grupo MB 1419,397879.48,2026-10-01,2026-10-01T08:07:16-03:00
assobens_precos_comparativo,M.BENZ,MB 1317,Nacional|grupo MB 1419,391385.95,2026-10-01,2026-10-01T08:07:16-03:00
assobens_precos_comparativo,IVECO,IVECO 15-210,MT|grupo MB 1419,399167.0,2026-10-01,2026-10-01T08:07:16-03:00
assobens_precos_comparativo,M.BENZ,MB 1417,MT|grupo MB 1419,464333.0,2026-10-01,2026-10-01T08:07:16-03:00
assobens_precos_comparativo,VW,VW 14.180,MT|grupo MB 1419,378547.0,2026-10-01,2026-10-01T08:07:16-03:00
assobens_precos_comparativo,VW,VW 18.260,Nacional|grupo MB 1719,504816.62,2026-10-01,2026-10-01T08:07:16-03:00
assobens_precos_comparativo,VW,VW 18.210,Nacional|grupo MB 1719,468040.5,2026-10-01,2026-10-01T08:07:16-03:00
assobens_precos_comparativo,VW,VW 17.210,Nacional|grupo MB 1719,439723.87,2026-10-01,2026-10-01T08:07:16-03:00
assobens_precos_comparativo,M.BENZ,MB 1719,Nacional|grupo MB 1719,438681.84,2026-10-01,2026-10-01T08:07:16-03:00
assobens_precos_comparativo,IVECO,IVECO 17-210,Nacional|grupo MB 1719,425957.35,2026-10-01,2026-10-01T08:07:16-03:00
assobens_precos_comparativo,IVECO,IVECO 17-210,MT|grupo MB 1719,428333.0,2026-10-01,2026-10-01T08:07:16-03:00
assobens_precos_comparativo,M.BENZ,MB 1719,MT|grupo MB 1719,440502.0,2026-10-01,2026-10-01T08:07:16-03:00
assobens_precos_comparativo,VW,VW 17.210,MT|grupo MB 1719,450901.0,2026-10-01,2026-10-01T08:07:16-03:00
assobens_precos_comparativo,VW,VW 18.210,MT|grupo MB 1719,463488.0,2026-10-01,2026-10-01T08:07:16-03:00
assobens_precos_comparativo,VW,VW 18.260,MT|grupo MB 1719,605375.0,2026-10-01,2026-10-01T08:07:16-03:00
assobens_precos_comparativo,M.BENZ,MB 1729,Nacional|grupo MB 1726,536900.21,2026-10-01,2026-10-01T08:07:16-03:00
assobens_precos_comparativo,VW,VW 18.320,Nacional|grupo MB 1726,536769.17,2026-10-01,2026-10-01T08:07:16-03:00
assobens_precos_comparativo,IVECO,IVECO 17-280,Nacional|grupo MB 1726,525073.46,2026-10-01,2026-10-01T08:07:16-03:00
assobens_precos_comparativo,VOLVO,VOLVO VM 290 4X2,Nacional|grupo MB 1726,499454.28,2026-10-01,2026-10-01T08:07:16-03:00
assobens_precos_comparativo,M.BENZ,MB 1726,Nacional|grupo MB 1726,491994.67,2026-10-01,2026-10-01T08:07:16-03:00
assobens_precos_comparativo,M.BENZ,MB 1733,Nacional|grupo MB 1726,464109.7,2026-10-01,2026-10-01T08:07:16-03:00
assobens_precos_comparativo,M.BENZ,MB 1726,MT|grupo MB 1726,455738.0,2026-10-01,2026-10-01T08:07:16-03:00
assobens_precos_comparativo,M.BENZ,MB 1733,MT|grupo MB 1726,458057.0,2026-10-01,2026-10-01T08:07:16-03:00
assobens_precos_comparativo,VOLVO,VOLVO VM 290 4X2,MT|grupo MB 1726,467846.0,2026-10-01,2026-10-01T08:07:16-03:00
assobens_precos_comparativo,VW,VW 18.320,MT|grupo MB 1726,540488.0,2026-10-01,2026-10-01T08:07:16-03:00
assobens_precos_comparativo,VOLVO,VOLVO VM 290 6X2,Nacional|grupo MB 2429,539856.67,2026-10-02,2026-10-02T13:29:59-03:00
assobens_precos_comparativo,M.BENZ,MB 2429,Nacional|grupo MB 2429,503979.73,2026-10-02,2026-10-02T20:27:34-03:00
assobens_precos_comparativo,IVECO,IVECO 24-280,Nacional|grupo MB 2429,515364.98,2026-10-02,2026-10-02T13:29:59-03:00
assobens_precos_comparativo,VW,VW 26.260,Nacional|grupo MB 2429,512434.69,2026-10-02,2026-10-02T13:29:59-03:00
assobens_precos_comparativo,M.BENZ,MB 2429,MT|grupo MB 2429,545230.0,2026-10-02,2026-10-02T20:27:34-03:00
assobens_precos_comparativo,IVECO,IVECO 24-280,MT|grupo MB 2429,555860.0,2026-10-02,2026-10-02T13:29:59-03:00
assobens_precos_comparativo,VOLVO,VOLVO VM 290 6X2,MT|grupo MB 2429,520881.0,2026-10-02,2026-10-02T13:29:59-03:00
assobens_precos_comparativo,VW,VW 26.260,MT|grupo MB 2429,534835.0,2026-10-02,2026-10-02T13:29:59-03:00
assobens_precos_comparativo,VW,VW 14.210,Nacional|grupo MB 1317,461334.05,2026-10-02,2026-10-02T13:29:59-03:00
assobens_precos_comparativo,M.BENZ,MB 1417,Nacional|grupo MB 1317,448384.26,2026-10-02,2026-10-02T13:29:59-03:00
assobens_precos_comparativo,M.BENZ,MB 1419,Nacional|grupo MB 1317,427875.71,2026-10-02,2026-10-02T13:29:59-03:00
assobens_precos_comparativo,VW,VW 14.180,Nacional|grupo MB 1317,404524.75,2026-10-02,2026-10-02T13:29:59-03:00
assobens_precos_comparativo,IVECO,IVECO 15-210,Nacional|grupo MB 1317,403947.5,2026-10-02,2026-10-02T13:29:59-03:00
assobens_precos_comparativo,VW,VW 13.180,Nacional|grupo MB 1317,397879.48,2026-10-02,2026-10-02T13:29:59-03:00
assobens_precos_comparativo,M.BENZ,MB 1317,Nacional|grupo MB 1317,391385.95,2026-10-02,2026-10-02T13:29:59-03:00
assobens_precos_comparativo,IVECO,IVECO 15-210,MT|grupo MB 1317,399167.0,2026-10-02,2026-10-02T13:29:59-03:00
assobens_precos_comparativo,M.BENZ,MB 1417,MT|grupo MB 1317,464333.0,2026-10-02,2026-10-02T13:29:59-03:00
assobens_precos_comparativo,VW,VW 14.180,MT|grupo MB 1317,378547.0,2026-10-02,2026-10-02T13:29:59-03:00
assobens_precos_comparativo,VW,VW 14.210,Nacional|grupo MB 1417,461334.05,2026-10-02,2026-10-02T13:29:59-03:00
assobens_precos_comparativo,M.BENZ,MB 1417,Nacional|grupo MB 1417,448384.26,2026-10-02,2026-10-02T13:29:59-03:00
assobens_precos_comparativo,M.BENZ,MB 1419,Nacional|grupo MB 1417,427875.71,2026-10-02,2026-10-02T13:29:59-03:00
assobens_precos_comparativo,VW,VW 14.180,Nacional|grupo MB 1417,404524.75,2026-10-02,2026-10-02T13:29:59-03:00
assobens_precos_comparativo,IVECO,IVECO 15-210,Nacional|grupo MB 1417,403947.5,2026-10-02,2026-10-02T13:29:59-03:00
assobens_precos_comparativo,VW,VW 13.180,Nacional|grupo MB 1417,397879.48,2026-10-02,2026-10-02T13:29:59-03:00
assobens_precos_comparativo,M.BENZ,MB 1317,Nacional|grupo MB 1417,391385.95,2026-10-02,2026-10-02T13:29:59-03:00
assobens_precos_comparativo,IVECO,IVECO 15-210,MT|grupo MB 1417,399167.0,2026-10-02,2026-10-02T13:29:59-03:00
assobens_precos_comparativo,M.BENZ,MB 1417,MT|grupo MB 1417,464333.0,2026-10-02,2026-10-02T13:29:59-03:00
assobens_precos_comparativo,VW,VW 14.180,MT|grupo MB 1417,378547.0,2026-10-02,2026-10-02T13:29:59-03:00
assobens_precos_comparativo,VW,VW 14.210,Nacional|grupo MB 1419,461334.05,2026-10-02,2026-10-02T13:29:59-03:00
assobens_precos_comparativo,M.BENZ,MB 1417,Nacional|grupo MB 1419,448384.26,2026-10-02,2026-10-02T13:29:59-03:00
assobens_precos_comparativo,M.BENZ,MB 1419,Nacional|grupo MB 1419,427875.71,2026-10-02,2026-10-02T13:29:59-03:00
assobens_precos_comparativo,VW,VW 14.180,Nacional|grupo MB 1419,404524.75,2026-10-02,2026-10-02T13:29:59-03:00
assobens_precos_comparativo,IVECO,IVECO 15-210,Nacional|grupo MB 1419,403947.5,2026-10-02,2026-10-02T13:29:59-03:00
assobens_precos_comparativo,VW,VW 13.180,Nacional|grupo MB 1419,397879.48,2026-10-02,2026-10-02T13:29:59-03:00
assobens_precos_comparativo,M.BENZ,MB 1317,Nacional|grupo MB 1419,391385.95,2026-10-02,2026-10-02T13:29:59-03:00
assobens_precos_comparativo,IVECO,IVECO 15-210,MT|grupo MB 1419,399167.0,2026-10-02,2026-10-02T13:29:59-03:00
assobens_precos_comparativo,M.BENZ,MB 1417,MT|grupo MB 1419,464333.0,2026-10-02,2026-10-02T13:29:59-03:00
assobens_precos_comparativo,VW,VW 14.180,MT|grupo MB 1419,378547.0,2026-10-02,2026-10-02T13:29:59-03:00
assobens_precos_comparativo,VW,VW 18.260,Nacional|grupo MB 1719,504816.62,2026-10-02,2026-10-02T13:29:59-03:00
assobens_precos_comparativo,VW,VW 18.210,Nacional|grupo MB 1719,468040.5,2026-10-02,2026-10-02T13:29:59-03:00
assobens_precos_comparativo,VW,VW 17.210,Nacional|grupo MB 1719,439723.87,2026-10-02,2026-10-02T13:29:59-03:00
assobens_precos_comparativo,M.BENZ,MB 1719,Nacional|grupo MB 1719,438681.84,2026-10-02,2026-10-02T13:29:59-03:00
assobens_precos_comparativo,IVECO,IVECO 17-210,Nacional|grupo MB 1719,425957.35,2026-10-02,2026-10-02T13:29:59-03:00
assobens_precos_comparativo,IVECO,IVECO 17-210,MT|grupo MB 1719,428333.0,2026-10-02,2026-10-02T13:29:59-03:00
assobens_precos_comparativo,M.BENZ,MB 1719,MT|grupo MB 1719,440502.0,2026-10-02,2026-10-02T13:29:59-03:00
assobens_precos_comparativo,VW,VW 17.210,MT|grupo MB 1719,450901.0,2026-10-02,2026-10-02T13:29:59-03:00
assobens_precos_comparativo,VW,VW 18.210,MT|grupo MB 1719,463488.0,2026-10-02,2026-10-02T13:29:59-03:00
assobens_precos_comparativo,VW,VW 18.260,MT|grupo MB 1719,605375.0,2026-10-02,2026-10-02T13:29:59-03:00
assobens_precos_comparativo,M.BENZ,MB 1729,Nacional|grupo MB 1726,536900.21,2026-10-02,2026-10-02T13:29:59-03:00
assobens_precos_comparativo,VW,VW 18.320,Nacional|grupo MB 1726,536769.17,2026-10-02,2026-10-02T13:29:59-03:00
assobens_precos_comparativo,IVECO,IVECO 17-280,Nacional|grupo MB 1726,525073.46,2026-10-02,2026-10-02T13:29:59-03:00
assobens_precos_comparativo,VOLVO,VOLVO VM 290 4X2,Nacional|grupo MB 1726,499454.28,2026-10-02,2026-10-02T13:29:59-03:00
assobens_precos_comparativo,M.BENZ,MB 1726,Nacional|grupo MB 1726,491994.67,2026-10-02,2026-10-02T13:29:59-03:00
assobens_precos_comparativo,M.BENZ,MB 1733,Nacional|grupo MB 1726,464109.7,2026-10-02,2026-10-02T13:29:59-03:00
assobens_precos_comparativo,M.BENZ,MB 1726,MT|grupo MB 1726,455738.0,2026-10-02,2026-10-02T13:29:59-03:00
assobens_precos_comparativo,M.BENZ,MB 1733,MT|grupo MB 1726,458057.0,2026-10-02,2026-10-02T13:29:59-03:00
assobens_precos_comparativo,VOLVO,VOLVO VM 290 4X2,MT|grupo MB 1726,467846.0,2026-10-02,2026-10-02T13:29:59-03:00
assobens_precos_comparativo,VW,VW 18.320,MT|grupo MB 1726,540488.0,2026-10-02,2026-10-02T13:29:59-03:00
assobens_precos_comparativo,VOLVO,VOLVO VM 290 6X2,Nacional|grupo MB 2429,538047.08,2026-10-03,2026-10-03T12:02:51-03:00
assobens_precos_comparativo,M.BENZ,MB 2429,Nacional|grupo MB 2429,503979.73,2026-10-03,2026-10-03T12:02:51-03:00
assobens_precos_comparativo,IVECO,IVECO 24-280,Nacional|grupo MB 2429,515172.26,2026-10-03,2026-10-03T12:02:51-03:00
assobens_precos_comparativo,VW,VW 26.260,Nacional|grupo MB 2429,513538.96,2026-10-03,2026-10-03T12:02:51-03:00
assobens_precos_comparativo,M.BENZ,MB 2429,MT|grupo MB 2429,545190.0,2026-10-03,2026-10-03T12:02:51-03:00
assobens_precos_comparativo,IVECO,IVECO 24-280,MT|grupo MB 2429,555860.0,2026-10-03,2026-10-03T12:02:51-03:00
assobens_precos_comparativo,VOLVO,VOLVO VM 290 6X2,MT|grupo MB 2429,521462.0,2026-10-03,2026-10-03T12:02:51-03:00
assobens_precos_comparativo,VW,VW 26.260,MT|grupo MB 2429,534835.0,2026-10-03,2026-10-03T12:02:51-03:00
assobens_precos_comparativo,VW,VW 14.210,Nacional|grupo MB 1317,461334.05,2026-10-03,2026-10-03T12:02:51-03:00
assobens_precos_comparativo,M.BENZ,MB 1417,Nacional|grupo MB 1317,448600.05,2026-10-03,2026-10-03T12:02:51-03:00
assobens_precos_comparativo,M.BENZ,MB 1419,Nacional|grupo MB 1317,428050.69,2026-10-03,2026-10-03T12:02:51-03:00
assobens_precos_comparativo,VW,VW 14.180,Nacional|grupo MB 1317,404310.27,2026-10-03,2026-10-03T12:02:51-03:00
assobens_precos_comparativo,IVECO,IVECO 15-210,Nacional|grupo MB 1317,402906.73,2026-10-03,2026-10-03T12:02:51-03:00
assobens_precos_comparativo,VW,VW 13.180,Nacional|grupo MB 1317,397879.48,2026-10-03,2026-10-03T12:02:51-03:00
assobens_precos_comparativo,M.BENZ,MB 1317,Nacional|grupo MB 1317,391385.95,2026-10-03,2026-10-03T12:02:51-03:00
assobens_precos_comparativo,IVECO,IVECO 15-210,MT|grupo MB 1317,399167.0,2026-10-03,2026-10-03T12:02:51-03:00
assobens_precos_comparativo,M.BENZ,MB 1417,MT|grupo MB 1317,464500.0,2026-10-03,2026-10-03T12:02:51-03:00
assobens_precos_comparativo,VW,VW 14.180,MT|grupo MB 1317,392106.0,2026-10-03,2026-10-03T12:02:51-03:00
assobens_precos_comparativo,VW,VW 14.210,Nacional|grupo MB 1417,461334.05,2026-10-03,2026-10-03T12:02:51-03:00
assobens_precos_comparativo,M.BENZ,MB 1417,Nacional|grupo MB 1417,448600.05,2026-10-03,2026-10-03T12:02:51-03:00
assobens_precos_comparativo,M.BENZ,MB 1419,Nacional|grupo MB 1417,428050.69,2026-10-03,2026-10-03T12:02:51-03:00
assobens_precos_comparativo,VW,VW 14.180,Nacional|grupo MB 1417,404310.27,2026-10-03,2026-10-03T12:02:51-03:00
assobens_precos_comparativo,IVECO,IVECO 15-210,Nacional|grupo MB 1417,402906.73,2026-10-03,2026-10-03T12:02:51-03:00
assobens_precos_comparativo,VW,VW 13.180,Nacional|grupo MB 1417,397879.48,2026-10-03,2026-10-03T12:02:51-03:00
assobens_precos_comparativo,M.BENZ,MB 1317,Nacional|grupo MB 1417,391385.95,2026-10-03,2026-10-03T12:02:51-03:00
assobens_precos_comparativo,IVECO,IVECO 15-210,MT|grupo MB 1417,399167.0,2026-10-03,2026-10-03T12:02:51-03:00
assobens_precos_comparativo,M.BENZ,MB 1417,MT|grupo MB 1417,464500.0,2026-10-03,2026-10-03T12:02:51-03:00
assobens_precos_comparativo,VW,VW 14.180,MT|grupo MB 1417,392106.0,2026-10-03,2026-10-03T12:02:51-03:00
assobens_precos_comparativo,VW,VW 14.210,Nacional|grupo MB 1419,461334.05,2026-10-03,2026-10-03T12:02:51-03:00
assobens_precos_comparativo,M.BENZ,MB 1417,Nacional|grupo MB 1419,448600.05,2026-10-03,2026-10-03T12:02:51-03:00
assobens_precos_comparativo,M.BENZ,MB 1419,Nacional|grupo MB 1419,428050.69,2026-10-03,2026-10-03T12:02:51-03:00
assobens_precos_comparativo,VW,VW 14.180,Nacional|grupo MB 1419,404310.27,2026-10-03,2026-10-03T12:02:51-03:00
assobens_precos_comparativo,IVECO,IVECO 15-210,Nacional|grupo MB 1419,402906.73,2026-10-03,2026-10-03T12:02:51-03:00
assobens_precos_comparativo,VW,VW 13.180,Nacional|grupo MB 1419,397879.48,2026-10-03,2026-10-03T12:02:51-03:00
assobens_precos_comparativo,M.BENZ,MB 1317,Nacional|grupo MB 1419,391385.95,2026-10-03,2026-10-03T12:02:51-03:00
assobens_precos_comparativo,IVECO,IVECO 15-210,MT|grupo MB 1419,399167.0,2026-10-03,2026-10-03T12:02:51-03:00
assobens_precos_comparativo,M.BENZ,MB 1417,MT|grupo MB 1419,464500.0,2026-10-03,2026-10-03T12:02:51-03:00
assobens_precos_comparativo,VW,VW 14.180,MT|grupo MB 1419,392106.0,2026-10-03,2026-10-03T12:02:51-03:00
assobens_precos_comparativo,VW,VW 18.260,Nacional|grupo MB 1719,509403.28,2026-10-03,2026-10-03T12:02:51-03:00
assobens_precos_comparativo,VW,VW 18.210,Nacional|grupo MB 1719,468040.5,2026-10-03,2026-10-03T12:02:51-03:00
assobens_precos_comparativo,VW,VW 17.210,Nacional|grupo MB 1719,439202.93,2026-10-03,2026-10-03T12:02:51-03:00
assobens_precos_comparativo,M.BENZ,MB 1719,Nacional|grupo MB 1719,437874.3,2026-10-03,2026-10-03T12:02:51-03:00
assobens_precos_comparativo,IVECO,IVECO 17-210,Nacional|grupo MB 1719,425611.8,2026-10-03,2026-10-03T12:02:51-03:00
assobens_precos_comparativo,IVECO,IVECO 17-210,MT|grupo MB 1719,428333.0,2026-10-03,2026-10-03T12:02:51-03:00
assobens_precos_comparativo,M.BENZ,MB 1719,MT|grupo MB 1719,441196.0,2026-10-03,2026-10-03T12:02:51-03:00
assobens_precos_comparativo,VW,VW 17.210,MT|grupo MB 1719,450901.0,2026-10-03,2026-10-03T12:02:51-03:00
assobens_precos_comparativo,VW,VW 18.210,MT|grupo MB 1719,463488.0,2026-10-03,2026-10-03T12:02:51-03:00
assobens_precos_comparativo,VW,VW 18.260,MT|grupo MB 1719,605375.0,2026-10-03,2026-10-03T12:02:51-03:00
assobens_precos_comparativo,M.BENZ,MB 1729,Nacional|grupo MB 1726,536900.21,2026-10-03,2026-10-03T12:02:51-03:00
assobens_precos_comparativo,VW,VW 18.320,Nacional|grupo MB 1726,536769.17,2026-10-03,2026-10-03T12:02:51-03:00
assobens_precos_comparativo,IVECO,IVECO 17-280,Nacional|grupo MB 1726,529247.46,2026-10-03,2026-10-03T12:02:51-03:00
assobens_precos_comparativo,VOLVO,VOLVO VM 290 4X2,Nacional|grupo MB 1726,499536.81,2026-10-03,2026-10-03T12:02:51-03:00
assobens_precos_comparativo,M.BENZ,MB 1726,Nacional|grupo MB 1726,495423.91,2026-10-03,2026-10-03T12:02:51-03:00
assobens_precos_comparativo,M.BENZ,MB 1733,Nacional|grupo MB 1726,464109.7,2026-10-03,2026-10-03T12:02:51-03:00
assobens_precos_comparativo,M.BENZ,MB 1726,MT|grupo MB 1726,455738.0,2026-10-03,2026-10-03T12:02:51-03:00
assobens_precos_comparativo,M.BENZ,MB 1733,MT|grupo MB 1726,458057.0,2026-10-03,2026-10-03T12:02:51-03:00
assobens_precos_comparativo,VOLVO,VOLVO VM 290 4X2,MT|grupo MB 1726,467846.0,2026-10-03,2026-10-03T12:02:51-03:00
assobens_precos_comparativo,VW,VW 18.320,MT|grupo MB 1726,540488.0,2026-10-03,2026-10-03T12:02:51-03:00
